model_key,domain,label_kind,interface,n,n_pairs,parse_rate,accuracy,response_mae,forecast_mae,cue_change_calibration,cue_change_mae,cue_direction_accuracy,valid_cue_pairs,both_cues_correct_rate
qwen3_32b_base,coin_city,arbitrary,oracle_both_patterns,48,24,1.0,0.3541666666666667,1.9930538655208334,48.58015132210833,0.14769999518215812,1.4385790042708333,0.4583333333333333,24,
qwen3_32b_base,coin_city,arbitrary,oracle_selected_pattern,48,24,1.0,0.3541666666666667,1.6041672296614584,44.82071019260417,0.2631767333062159,1.3165807142187502,0.75,24,
qwen3_32b_base,coin_city,arbitrary,original,48,24,1.0,0.4166666666666667,2.67064659375,5.181799833333333,0.01136652460233766,3.1329317291666663,0.5,24,
qwen3_32b_base,coin_city,arbitrary,selection_only,48,24,1.0,1.0,,,,,,,1.0
qwen3_32b_base,coin_city,semantic,oracle_both_patterns,48,24,1.0,0.125,1.7104954684114582,48.64730017722917,0.017749788926618302,1.30328023921875,0.375,24,
qwen3_32b_base,coin_city,semantic,oracle_selected_pattern,48,24,1.0,0.5,1.4225209326041668,46.92266222041667,0.6875452029574977,0.9427090650000002,1.0,24,
qwen3_32b_base,coin_city,semantic,original,48,24,1.0,0.08333333333333333,4.109568635416667,31.036358912500003,-0.9610289007716201,4.418102291666666,0.5,24,
qwen3_32b_base,coin_city,semantic,selection_only,48,24,1.0,1.0,,,,,,,1.0
qwen3_32b_base,coin_harbor,arbitrary,oracle_both_patterns,48,24,1.0,0.5416666666666666,5.242150140871876,131.3753357376975,0.14893718553187954,2.8526523859104174,0.08333333333333333,24,
qwen3_32b_base,coin_harbor,arbitrary,oracle_selected_pattern,48,24,1.0,0.5416666666666666,5.19983195828125,119.878325554125,0.18814672187604117,3.6540789082291667,0.08333333333333333,24,
qwen3_32b_base,coin_harbor,arbitrary,original,48,24,1.0,0.5,7.011512562499999,5.485612683333334,0.012084591027432904,9.273155614583334,0.5416666666666666,24,
qwen3_32b_base,coin_harbor,arbitrary,selection_only,48,24,1.0,1.0,,,,,,,1.0
qwen3_32b_base,coin_harbor,semantic,oracle_both_patterns,48,24,1.0,0.5,5.288400605208333,139.78010434083333,0.07927273689223717,2.666453252083333,0.08333333333333333,24,
qwen3_32b_base,coin_harbor,semantic,oracle_selected_pattern,48,24,1.0,0.5625,4.729848251729167,119.65487878838333,0.16640504359932035,2.928356907958334,0.125,24,
qwen3_32b_base,coin_harbor,semantic,original,48,24,1.0,0.4583333333333333,7.542595427083332,30.257842241666665,0.8304782278561054,9.177197583333331,0.6666666666666666,24,
qwen3_32b_base,coin_harbor,semantic,selection_only,48,24,1.0,1.0,,,,,,,1.0
qwen3_8b_base,coin_city,arbitrary,oracle_both_patterns,48,24,1.0,0.5,2.7104315000260417,2.168345200020833,0.21694597041577543,2.001835770885416,0.5416666666666666,24,
qwen3_8b_base,coin_city,arbitrary,oracle_selected_pattern,48,24,1.0,0.3958333333333333,2.9605420857031253,17.9285040249375,-0.21856104708122515,3.3492653840798616,0.375,24,
qwen3_8b_base,coin_city,arbitrary,original,48,24,1.0,0.5416666666666666,2.11736571875,1.8354625208333333,0.3439888141315648,2.0869109687500003,0.625,24,
qwen3_8b_base,coin_city,arbitrary,selection_only,48,24,1.0,1.0,,,,,,,1.0
qwen3_8b_base,coin_city,semantic,oracle_both_patterns,48,24,1.0,0.4791666666666667,2.3926249697135415,1.9140999757708332,-0.06608346896626772,1.82353588640625,0.3333333333333333,24,
qwen3_8b_base,coin_city,semantic,oracle_selected_pattern,48,24,1.0,0.4583333333333333,2.4125942881510416,2.7679876888541664,-0.009595805182045078,2.7953524268229164,0.5,24,
qwen3_8b_base,coin_city,semantic,original,48,24,1.0,0.4583333333333333,2.1049433125,1.7180745166666664,-0.21063908056462755,2.1779688645833333,0.4166666666666667,24,
qwen3_8b_base,coin_city,semantic,selection_only,48,24,1.0,1.0,,,,,,,1.0
qwen3_8b_base,coin_harbor,arbitrary,oracle_both_patterns,48,24,1.0,0.5,12.155301096093751,133.98441918779167,0.11994412110458715,3.1233396515624996,0.041666666666666664,24,
qwen3_8b_base,coin_harbor,arbitrary,oracle_selected_pattern,48,24,1.0,0.2708333333333333,8.826390649739581,101.47970381406249,-1.943930473291706,10.1195157328125,0.041666666666666664,24,
qwen3_8b_base,coin_harbor,arbitrary,original,48,24,1.0,0.5,5.352649354166666,4.604574254166665,-0.09444170431268743,4.4148081875,0.375,24,
qwen3_8b_base,coin_harbor,arbitrary,selection_only,48,24,1.0,1.0,,,,,,,1.0
qwen3_8b_base,coin_harbor,semantic,oracle_both_patterns,48,24,1.0,0.5416666666666666,7.841438624999999,20.491764791666665,0.2265920782171125,6.764429177083333,0.5,24,
qwen3_8b_base,coin_harbor,semantic,oracle_selected_pattern,48,24,1.0,0.4791666666666667,7.871902484374999,60.13962282916666,0.2587547503233105,9.847129020833332,0.375,24,
qwen3_8b_base,coin_harbor,semantic,original,48,24,1.0,0.4375,4.9670707656249995,4.3240679375,0.17038085654682789,4.7926359375,0.5416666666666666,24,
qwen3_8b_base,coin_harbor,semantic,selection_only,48,24,1.0,1.0,,,,,,,1.0
qwen3_8b_causal_s42,coin_city,arbitrary,oracle_both_patterns,48,24,1.0,0.20833333333333334,3.8313013879687503,37.967249171125,1.241327206581799,3.789552377708334,0.375,24,
qwen3_8b_causal_s42,coin_city,arbitrary,oracle_selected_pattern,48,24,1.0,0.5,1.5629136041666667,1.2602909375,0.06609968825867753,1.7025807083333333,0.4166666666666667,24,
qwen3_8b_causal_s42,coin_city,arbitrary,original,48,24,1.0,0.5,1.2216445052083333,1.0626571791666668,0.011995358280822902,1.6683976249999997,0.375,24,
qwen3_8b_causal_s42,coin_city,arbitrary,selection_only,48,24,1.0,1.0,,,,,,,1.0
qwen3_8b_causal_s42,coin_city,semantic,oracle_both_patterns,48,24,1.0,0.4166666666666667,2.7018255129166664,10.152707279916667,0.4061432155734713,3.801611148958333,0.5,24,
qwen3_8b_causal_s42,coin_city,semantic,oracle_selected_pattern,48,24,1.0,0.5,1.467454869791667,1.1739638958333334,-0.14327227982132637,1.7641034270833333,0.3333333333333333,24,
qwen3_8b_causal_s42,coin_city,semantic,original,48,24,1.0,0.5,1.076883265625,0.9379150166666669,0.0052401556666025265,1.5404263437499999,0.5833333333333334,24,
qwen3_8b_causal_s42,coin_city,semantic,selection_only,48,24,1.0,1.0,,,,,,,1.0
qwen3_8b_causal_s42,coin_harbor,arbitrary,oracle_both_patterns,48,24,1.0,0.4583333333333333,9.328107652978126,116.18720798071583,0.13158197152769607,7.251632807272917,0.16666666666666666,24,
qwen3_8b_causal_s42,coin_harbor,arbitrary,oracle_selected_pattern,48,24,1.0,0.2708333333333333,9.449483575520835,51.53895013541666,-1.0183022554583954,13.495817838541669,0.2916666666666667,24,
qwen3_8b_causal_s42,coin_harbor,arbitrary,original,48,24,1.0,0.5208333333333334,3.6190365781249993,3.119450154166666,0.025899649735735202,3.734727416666667,0.4166666666666667,24,
qwen3_8b_causal_s42,coin_harbor,arbitrary,selection_only,48,24,1.0,1.0,,,,,,,1.0
qwen3_8b_causal_s42,coin_harbor,semantic,oracle_both_patterns,48,24,1.0,0.4791666666666667,8.662825788802083,129.255773431875,0.18988291963132953,5.578948565104167,0.125,24,
qwen3_8b_causal_s42,coin_harbor,semantic,oracle_selected_pattern,48,24,1.0,0.2708333333333333,8.411422864583335,47.44641487083334,-1.1812004340420943,12.078773781250002,0.3333333333333333,24,
qwen3_8b_causal_s42,coin_harbor,semantic,original,48,24,1.0,0.5,3.445449255208333,2.9930735583333337,0.17996439559663321,3.495973885416666,0.7083333333333334,24,
qwen3_8b_causal_s42,coin_harbor,semantic,selection_only,48,24,1.0,1.0,,,,,,,1.0
qwen3_8b_causal_s43,coin_city,arbitrary,oracle_both_patterns,48,24,1.0,0.25,4.496877731640625,32.2807334114375,-0.4315649625296689,4.400424350572917,0.2916666666666667,24,
qwen3_8b_causal_s43,coin_city,arbitrary,oracle_selected_pattern,48,24,1.0,0.5,1.573360765625,1.2916045916666667,-0.011567886208442048,1.8867082499999999,0.375,24,
qwen3_8b_causal_s43,coin_city,arbitrary,original,48,24,1.0,0.4375,1.0960083281250002,1.0222829333333334,0.015954592389605376,1.5330135624999996,0.4166666666666667,24,
qwen3_8b_causal_s43,coin_city,arbitrary,selection_only,48,24,1.0,1.0,,,,,,,1.0
qwen3_8b_causal_s43,coin_city,semantic,oracle_both_patterns,48,24,1.0,0.4583333333333333,2.4044771094791666,5.362919789416666,0.11495628518616763,3.1571678381250003,0.5416666666666666,24,
qwen3_8b_causal_s43,coin_city,semantic,oracle_selected_pattern,48,24,1.0,0.5208333333333334,1.3894128203125,1.1229823145833333,0.10716477930856096,1.5308627031250002,0.5416666666666666,24,
qwen3_8b_causal_s43,coin_city,semantic,original,48,24,1.0,0.5208333333333334,1.0289189427083334,0.9040538000000001,0.036237107613728614,1.578968010416667,0.5833333333333334,24,
qwen3_8b_causal_s43,coin_city,semantic,selection_only,48,24,1.0,1.0,,,,,,,1.0
qwen3_8b_causal_s43,coin_harbor,arbitrary,oracle_both_patterns,48,24,1.0,0.4375,16.462623775208332,120.41934101183334,0.3573667905839084,14.33666676625,0.20833333333333334,24,
qwen3_8b_causal_s43,coin_harbor,arbitrary,oracle_selected_pattern,48,24,1.0,0.3333333333333333,9.072803583333334,79.01309036666667,-0.9386622711136622,11.639091531250001,0.20833333333333334,24,
qwen3_8b_causal_s43,coin_harbor,arbitrary,original,48,24,1.0,0.5833333333333334,3.0982993854166665,2.91971245,0.06668254152284303,2.9577676770833325,0.6666666666666666,24,
qwen3_8b_causal_s43,coin_harbor,arbitrary,selection_only,48,24,1.0,1.0,,,,,,,1.0
qwen3_8b_causal_s43,coin_harbor,semantic,oracle_both_patterns,48,24,1.0,0.4791666666666667,13.3156448375,125.47891829666666,-0.7354090045419098,8.640648572916666,0.041666666666666664,24,
qwen3_8b_causal_s43,coin_harbor,semantic,oracle_selected_pattern,48,24,1.0,0.2916666666666667,10.288703447916667,41.361129329166666,-1.086082908935337,15.4920745625,0.375,24,
qwen3_8b_causal_s43,coin_harbor,semantic,original,48,24,1.0,0.5,3.2125603958333335,2.7687714624999997,0.17558022883937993,3.4211925520833333,0.5416666666666666,24,
qwen3_8b_causal_s43,coin_harbor,semantic,selection_only,48,24,1.0,1.0,,,,,,,1.0
qwen3_8b_causal_s44,coin_city,arbitrary,oracle_both_patterns,48,24,1.0,0.4166666666666667,3.052033199375,15.293855028666664,0.2584061635016679,2.3731604071874997,0.4166666666666667,24,
qwen3_8b_causal_s44,coin_city,arbitrary,oracle_selected_pattern,48,24,1.0,0.5208333333333334,1.5653071875,1.2716396874999998,0.06345294605808989,1.7846872187499996,0.4166666666666667,24,
qwen3_8b_causal_s44,coin_city,arbitrary,original,48,24,1.0,0.5208333333333334,1.0725792135416667,0.9856246125,0.023445277238526203,1.5163468958333335,0.5,24,
qwen3_8b_causal_s44,coin_city,arbitrary,selection_only,48,24,1.0,1.0,,,,,,,1.0
qwen3_8b_causal_s44,coin_city,semantic,oracle_both_patterns,48,24,1.0,0.5,1.5321364102083332,1.2257091281666666,0.12168834756295037,1.46345402875,0.7083333333333334,24,
qwen3_8b_causal_s44,coin_city,semantic,oracle_selected_pattern,48,24,1.0,0.5,1.4643842515104166,1.1830643970416665,-0.06646480336861353,1.6774791911458333,0.375,24,
qwen3_8b_causal_s44,coin_city,semantic,original,48,24,1.0,0.5,1.0533499010416667,0.9286387875000002,-0.04082089280381662,1.56386384375,0.5,24,
qwen3_8b_causal_s44,coin_city,semantic,selection_only,48,24,1.0,1.0,,,,,,,1.0
qwen3_8b_causal_s44,coin_harbor,arbitrary,oracle_both_patterns,48,24,1.0,0.4583333333333333,15.719619387864583,128.37041903945834,-0.1303727178938254,9.099925619479166,0.08333333333333333,24,
qwen3_8b_causal_s44,coin_harbor,arbitrary,oracle_selected_pattern,48,24,1.0,0.2916666666666667,9.387483703125,55.22494229166667,-1.2528773611701964,13.14895629166667,0.125,24,
qwen3_8b_causal_s44,coin_harbor,arbitrary,original,48,24,1.0,0.4791666666666667,3.536069114583333,2.974549758333333,-0.06769592947785716,3.4016434583333335,0.3333333333333333,24,
qwen3_8b_causal_s44,coin_harbor,arbitrary,selection_only,48,24,1.0,1.0,,,,,,,1.0
qwen3_8b_causal_s44,coin_harbor,semantic,oracle_both_patterns,48,24,1.0,0.4583333333333333,6.992237991666666,134.43492731916666,-0.351448984435108,3.5827622750000003,0.041666666666666664,24,
qwen3_8b_causal_s44,coin_harbor,semantic,oracle_selected_pattern,48,24,1.0,0.3333333333333333,7.198114994791666,28.2401451625,-0.6397201128280254,9.039129958333334,0.2916666666666667,24,
qwen3_8b_causal_s44,coin_harbor,semantic,original,48,24,1.0,0.5,3.297141026041667,2.896927670833333,0.05300889464506259,3.2474604895833323,0.5416666666666666,24,
qwen3_8b_causal_s44,coin_harbor,semantic,selection_only,48,24,1.0,1.0,,,,,,,1.0
qwen3_8b_population_prior_s42,coin_city,arbitrary,oracle_both_patterns,48,24,1.0,0.20833333333333334,4.4876856202083335,33.94599310141667,0.04337151445687711,3.373360642916667,0.2916666666666667,24,
qwen3_8b_population_prior_s42,coin_city,arbitrary,oracle_selected_pattern,48,24,1.0,0.5208333333333334,1.3434446197916667,1.0747556958333335,0.040387930031559466,1.757470239583333,0.7083333333333334,24,
qwen3_8b_population_prior_s42,coin_city,arbitrary,original,48,24,1.0,0.5416666666666666,1.0940879739583336,0.9614977958333336,0.009290592533738316,1.6397843958333336,0.5416666666666666,24,
qwen3_8b_population_prior_s42,coin_city,arbitrary,selection_only,48,24,1.0,1.0,,,,,,,1.0
qwen3_8b_population_prior_s42,coin_city,semantic,oracle_both_patterns,48,24,1.0,0.2708333333333333,3.7068257419270836,15.702425380208334,1.6777214095737367,6.228193304895833,0.75,24,
qwen3_8b_population_prior_s42,coin_city,semantic,oracle_selected_pattern,48,24,1.0,0.5,1.16140415625,0.9291233249999999,0.1615755335038561,1.5019922395833332,0.7083333333333334,24,
qwen3_8b_population_prior_s42,coin_city,semantic,original,48,24,1.0,0.4791666666666667,0.991830296875,0.8645649750000003,-0.01411038086709288,1.5367805104166665,0.4166666666666667,24,
qwen3_8b_population_prior_s42,coin_city,semantic,selection_only,48,24,1.0,1.0,,,,,,,1.0
qwen3_8b_population_prior_s42,coin_harbor,arbitrary,oracle_both_patterns,48,24,1.0,0.5625,16.475465130260417,82.62940711254167,1.6101937341295771,17.611235354270832,0.4583333333333333,24,
qwen3_8b_population_prior_s42,coin_harbor,arbitrary,oracle_selected_pattern,48,24,1.0,0.3333333333333333,7.668522251979166,73.46634277658335,-0.5579748309445232,11.308188149791667,0.16666666666666666,24,
qwen3_8b_population_prior_s42,coin_harbor,arbitrary,original,48,24,1.0,0.5,3.0877966302083326,2.6805438083333333,0.014095308722119991,3.4114826666666667,0.4166666666666667,24,
qwen3_8b_population_prior_s42,coin_harbor,arbitrary,selection_only,48,24,1.0,1.0,,,,,,,1.0
qwen3_8b_population_prior_s42,coin_harbor,semantic,oracle_both_patterns,48,24,1.0,0.4375,8.433111640624999,113.54838063333334,-0.12052378600078101,9.726267708333332,0.16666666666666666,24,
qwen3_8b_population_prior_s42,coin_harbor,semantic,oracle_selected_pattern,48,24,1.0,0.375,6.400962473958335,34.68884333333333,0.33010775043127144,8.705493864583335,0.4166666666666667,24,
qwen3_8b_population_prior_s42,coin_harbor,semantic,original,48,24,1.0,0.5,2.846031401041667,2.553981341666667,0.12193908380070116,3.3471955104166664,0.5833333333333334,24,
qwen3_8b_population_prior_s42,coin_harbor,semantic,selection_only,48,24,1.0,1.0,,,,,,,1.0
qwen3_8b_population_prior_s43,coin_city,arbitrary,oracle_both_patterns,48,24,1.0,0.125,3.430237753046875,42.89340803972917,-0.008846996802078103,2.96287300828125,0.4166666666666667,24,
qwen3_8b_population_prior_s43,coin_city,arbitrary,oracle_selected_pattern,48,24,1.0,0.5416666666666666,1.3678101249999994,1.1606528541666663,0.09649045123329808,1.8143455937499997,0.625,24,
qwen3_8b_population_prior_s43,coin_city,arbitrary,original,48,24,1.0,0.5,1.090732666666667,1.0297469750000003,0.023725217199120022,1.6475968958333331,0.6666666666666666,24,
qwen3_8b_population_prior_s43,coin_city,arbitrary,selection_only,48,24,1.0,1.0,,,,,,,1.0
qwen3_8b_population_prior_s43,coin_city,semantic,oracle_both_patterns,48,24,1.0,0.25,3.6006495261197915,19.723747970770834,0.45116405598641557,5.873587162447916,0.4583333333333333,24,
qwen3_8b_population_prior_s43,coin_city,semantic,oracle_selected_pattern,48,24,1.0,0.5208333333333334,1.2522379166406248,1.0513525595208333,0.1011775249733764,1.5132977629687503,0.7083333333333334,24,
qwen3_8b_population_prior_s43,coin_city,semantic,original,48,24,1.0,0.5208333333333334,1.0149113333333333,0.9049865083333334,-0.0063183300933882846,1.5690721770833331,0.5,24,
qwen3_8b_population_prior_s43,coin_city,semantic,selection_only,48,24,1.0,1.0,,,,,,,1.0
qwen3_8b_population_prior_s43,coin_harbor,arbitrary,oracle_both_patterns,48,24,1.0,0.4791666666666667,7.614201151927084,116.25714779654167,0.09274054007484143,7.954820804895834,0.08333333333333333,24,
qwen3_8b_population_prior_s43,coin_harbor,arbitrary,oracle_selected_pattern,48,24,1.0,0.3125,8.694429783854167,66.58170899791666,-0.699074985094594,12.146721578125002,0.25,24,
qwen3_8b_population_prior_s43,coin_harbor,arbitrary,original,48,24,1.0,0.5625,3.011254791666667,2.8631408375,0.0632445244447078,3.495336833333333,0.5416666666666666,24,
qwen3_8b_population_prior_s43,coin_harbor,arbitrary,selection_only,48,24,1.0,1.0,,,,,,,1.0
qwen3_8b_population_prior_s43,coin_harbor,semantic,oracle_both_patterns,48,24,1.0,0.4791666666666667,6.63998359375,124.157340675,-0.1008610807118927,5.4577326770833325,0.08333333333333333,24,
qwen3_8b_population_prior_s43,coin_harbor,semantic,oracle_selected_pattern,48,24,1.0,0.3541666666666667,8.393240200520834,51.73818036875,-0.09061937689515397,12.233718984375002,0.375,24,
qwen3_8b_population_prior_s43,coin_harbor,semantic,original,48,24,1.0,0.5,2.9803105416666664,2.7028976208333333,0.08924575897046039,3.6870397916666664,0.5,24,
qwen3_8b_population_prior_s43,coin_harbor,semantic,selection_only,48,24,1.0,1.0,,,,,,,1.0
qwen3_8b_population_prior_s44,coin_city,arbitrary,oracle_both_patterns,48,24,1.0,0.20833333333333334,4.549799503802084,36.759565744875,-0.1873588295954003,4.415242293333333,0.2916666666666667,24,
qwen3_8b_population_prior_s44,coin_city,arbitrary,oracle_selected_pattern,48,24,1.0,0.5,1.3149319427083332,1.0822086416666667,0.13982044843503819,1.6948894999999997,0.625,24,
qwen3_8b_population_prior_s44,coin_city,arbitrary,original,48,24,1.0,0.5208333333333334,1.0678591770833332,1.0078198,0.04735327301682953,1.5580135625,0.5833333333333334,24,
qwen3_8b_population_prior_s44,coin_city,arbitrary,selection_only,48,24,1.0,1.0,,,,,,,1.0
qwen3_8b_population_prior_s44,coin_city,semantic,oracle_both_patterns,48,24,1.0,0.2916666666666667,3.6628351104947914,16.67216805289583,1.7787151169209825,5.962800267864583,0.625,24,
qwen3_8b_population_prior_s44,coin_city,semantic,oracle_selected_pattern,48,24,1.0,0.5208333333333334,1.2576339674479164,1.0172485114583336,0.0704255793181997,1.5264070208333334,0.625,24,
qwen3_8b_population_prior_s44,coin_city,semantic,original,48,24,1.0,0.4375,0.9636481197916668,0.8467140125000002,-0.0021526193305390746,1.50761384375,0.4583333333333333,24,
qwen3_8b_population_prior_s44,coin_city,semantic,selection_only,48,24,1.0,1.0,,,,,,,1.0
qwen3_8b_population_prior_s44,coin_harbor,arbitrary,oracle_both_patterns,48,24,1.0,0.5833333333333334,8.822630822916667,101.69691642916666,0.2362652245111665,10.859417875,0.375,24,
qwen3_8b_population_prior_s44,coin_harbor,arbitrary,oracle_selected_pattern,48,24,1.0,0.3541666666666667,8.309280609375,39.5547724375,-0.69887758563049,12.311313770833335,0.3333333333333333,24,
qwen3_8b_population_prior_s44,coin_harbor,arbitrary,original,48,24,1.0,0.5208333333333334,2.9450538645833326,2.6804406958333327,0.028912979289006668,3.294295166666666,0.5,24,
qwen3_8b_population_prior_s44,coin_harbor,arbitrary,selection_only,48,24,1.0,1.0,,,,,,,1.0
qwen3_8b_population_prior_s44,coin_harbor,semantic,oracle_both_patterns,48,24,1.0,0.4583333333333333,8.7405755515625,124.21286632958333,0.7879447297129646,10.362974103125,0.20833333333333334,24,
qwen3_8b_population_prior_s44,coin_harbor,semantic,oracle_selected_pattern,48,24,1.0,0.3333333333333333,6.798023958333332,32.04774612916666,0.41533297600800445,10.070668541666668,0.4166666666666667,24,
qwen3_8b_population_prior_s44,coin_harbor,semantic,original,48,24,1.0,0.5,2.882771223958333,2.726924633333334,0.04518563688789043,3.4524041979166675,0.5,24,
qwen3_8b_population_prior_s44,coin_harbor,semantic,selection_only,48,24,1.0,1.0,,,,,,,1.0
