representation,disclosure,k,target,layer,alpha,cv_macro_within_world_r2,selected
final_input_token_layerwise,disclosed,3,gain,0,0.0001,-0.006872243820002233,True
final_input_token_layerwise,disclosed,3,gain,1,100.0,-0.013502504302768614,False
final_input_token_layerwise,disclosed,3,gain,2,100.0,-0.011426765876228429,False
final_input_token_layerwise,disclosed,3,gain,3,100.0,-0.012432707531805198,False
final_input_token_layerwise,disclosed,3,gain,4,100.0,-0.012555115208166323,False
final_input_token_layerwise,disclosed,3,gain,5,100.0,-0.013272138208895279,False
final_input_token_layerwise,disclosed,3,gain,6,100.0,-0.0135304816126951,False
final_input_token_layerwise,disclosed,3,gain,7,100.0,-0.01382256680951821,False
final_input_token_layerwise,disclosed,3,gain,8,100.0,-0.013848189710621628,False
final_input_token_layerwise,disclosed,3,gain,9,100.0,-0.013317380148721247,False
final_input_token_layerwise,disclosed,3,gain,10,100.0,-0.013769563247645056,False
final_input_token_layerwise,disclosed,3,gain,11,100.0,-0.01323018099764961,False
final_input_token_layerwise,disclosed,3,gain,12,100.0,-0.013219235003570917,False
final_input_token_layerwise,disclosed,3,gain,13,100.0,-0.013220092480001333,False
final_input_token_layerwise,disclosed,3,gain,14,100.0,-0.012931503181455195,False
final_input_token_layerwise,disclosed,3,gain,15,100.0,-0.012531174514784138,False
final_input_token_layerwise,disclosed,3,gain,16,100.0,-0.01266267255156217,False
final_input_token_layerwise,disclosed,3,gain,17,100.0,-0.012911328761383678,False
final_input_token_layerwise,disclosed,3,gain,18,100.0,-0.013178358864494422,False
final_input_token_layerwise,disclosed,3,gain,19,100.0,-0.012775363509133109,False
final_input_token_layerwise,disclosed,3,gain,20,100.0,-0.013007073060810337,False
final_input_token_layerwise,disclosed,3,gain,21,100.0,-0.012584944594019376,False
final_input_token_layerwise,disclosed,3,gain,22,100.0,-0.01276949634535246,False
final_input_token_layerwise,disclosed,3,gain,23,100.0,-0.012791331044592014,False
final_input_token_layerwise,disclosed,3,gain,24,100.0,-0.013159578082270196,False
final_input_token_layerwise,disclosed,3,gain,25,100.0,-0.013619816286428776,False
final_input_token_layerwise,disclosed,3,gain,26,100.0,-0.013931076478739646,False
final_input_token_layerwise,disclosed,3,gain,27,100.0,-0.014338653716616079,False
final_input_token_layerwise,disclosed,3,gain,28,100.0,-0.01401970669984598,False
final_input_token_layerwise,disclosed,3,gain,29,100.0,-0.014212993553324338,False
final_input_token_layerwise,disclosed,3,gain,30,100.0,-0.01423770615625397,False
final_input_token_layerwise,disclosed,3,gain,31,100.0,-0.013819703841852438,False
final_input_token_layerwise,disclosed,3,gain,32,100.0,-0.013876593392091019,False
final_input_token_layerwise,disclosed,3,gain,33,100.0,-0.013943273910864584,False
final_input_token_layerwise,disclosed,3,gain,34,100.0,-0.01410552202519011,False
final_input_token_layerwise,disclosed,3,gain,35,100.0,-0.014243908792708537,False
final_input_token_layerwise,disclosed,3,gain,36,100.0,-0.01413862118381648,False
final_input_token_layerwise,disclosed,3,response_residual,0,0.0001,-27.812075845529975,False
final_input_token_layerwise,disclosed,3,response_residual,1,0.1,-0.19380078548362573,True
final_input_token_layerwise,disclosed,3,response_residual,2,0.1,-0.2763979496819062,False
final_input_token_layerwise,disclosed,3,response_residual,3,0.1,-0.2614823249661221,False
final_input_token_layerwise,disclosed,3,response_residual,4,0.1,-0.24344505650271875,False
final_input_token_layerwise,disclosed,3,response_residual,5,0.1,-0.26776536159602177,False
final_input_token_layerwise,disclosed,3,response_residual,6,0.1,-0.28161652955306693,False
final_input_token_layerwise,disclosed,3,response_residual,7,0.1,-0.2807955893369529,False
final_input_token_layerwise,disclosed,3,response_residual,8,0.1,-0.32507741252101285,False
final_input_token_layerwise,disclosed,3,response_residual,9,3.0,-0.3712145475462904,False
final_input_token_layerwise,disclosed,3,response_residual,10,3.0,-0.38328812196490797,False
final_input_token_layerwise,disclosed,3,response_residual,11,3.0,-0.3813231593745809,False
final_input_token_layerwise,disclosed,3,response_residual,12,3.0,-0.4074542435225897,False
final_input_token_layerwise,disclosed,3,response_residual,13,0.1,-0.37759842107689995,False
final_input_token_layerwise,disclosed,3,response_residual,14,3.0,-0.43088900395648283,False
final_input_token_layerwise,disclosed,3,response_residual,15,3.0,-0.4167593734099491,False
final_input_token_layerwise,disclosed,3,response_residual,16,3.0,-0.43992012356891214,False
final_input_token_layerwise,disclosed,3,response_residual,17,3.0,-0.4616532509213607,False
final_input_token_layerwise,disclosed,3,response_residual,18,3.0,-0.4942419009809759,False
final_input_token_layerwise,disclosed,3,response_residual,19,3.0,-0.5065824202640521,False
final_input_token_layerwise,disclosed,3,response_residual,20,3.0,-0.5418510700150352,False
final_input_token_layerwise,disclosed,3,response_residual,21,0.1,-0.5777380307532938,False
final_input_token_layerwise,disclosed,3,response_residual,22,0.1,-0.6601889115035551,False
final_input_token_layerwise,disclosed,3,response_residual,23,0.1,-0.6348239778903927,False
final_input_token_layerwise,disclosed,3,response_residual,24,0.1,-0.6812074115699676,False
final_input_token_layerwise,disclosed,3,response_residual,25,0.1,-0.7224204227674735,False
final_input_token_layerwise,disclosed,3,response_residual,26,0.1,-0.707287601321821,False
final_input_token_layerwise,disclosed,3,response_residual,27,0.1,-0.6711867628384779,False
final_input_token_layerwise,disclosed,3,response_residual,28,0.1,-0.6840611887658186,False
final_input_token_layerwise,disclosed,3,response_residual,29,0.1,-0.7707913170859118,False
final_input_token_layerwise,disclosed,3,response_residual,30,0.1,-0.777965419828782,False
final_input_token_layerwise,disclosed,3,response_residual,31,0.1,-0.6924194648845157,False
final_input_token_layerwise,disclosed,3,response_residual,32,0.1,-0.7439585176087045,False
final_input_token_layerwise,disclosed,3,response_residual,33,0.1,-0.7719136708625678,False
final_input_token_layerwise,disclosed,3,response_residual,34,0.1,-0.7208200431885902,False
final_input_token_layerwise,disclosed,3,response_residual,35,0.1,-0.6964312272581523,False
final_input_token_layerwise,disclosed,3,response_residual,36,0.1,-0.726525804381677,False
final_input_token_layerwise,disclosed,6,gain,0,0.0001,-0.006872243820002233,True
final_input_token_layerwise,disclosed,6,gain,1,100.0,-0.014024393252715261,False
final_input_token_layerwise,disclosed,6,gain,2,100.0,-0.015971052343981162,False
final_input_token_layerwise,disclosed,6,gain,3,100.0,-0.015880498549877664,False
final_input_token_layerwise,disclosed,6,gain,4,100.0,-0.01591629880065848,False
final_input_token_layerwise,disclosed,6,gain,5,100.0,-0.016443807107681896,False
final_input_token_layerwise,disclosed,6,gain,6,100.0,-0.016483922664110418,False
final_input_token_layerwise,disclosed,6,gain,7,100.0,-0.016669840740923036,False
final_input_token_layerwise,disclosed,6,gain,8,100.0,-0.016675176958454274,False
final_input_token_layerwise,disclosed,6,gain,9,100.0,-0.01634277399691314,False
final_input_token_layerwise,disclosed,6,gain,10,100.0,-0.0164849901582258,False
final_input_token_layerwise,disclosed,6,gain,11,100.0,-0.016293441032395328,False
final_input_token_layerwise,disclosed,6,gain,12,100.0,-0.015898275375288484,False
final_input_token_layerwise,disclosed,6,gain,13,100.0,-0.01567802411530761,False
final_input_token_layerwise,disclosed,6,gain,14,100.0,-0.01508094713886532,False
final_input_token_layerwise,disclosed,6,gain,15,100.0,-0.01540192901712567,False
final_input_token_layerwise,disclosed,6,gain,16,100.0,-0.01505508038219755,False
final_input_token_layerwise,disclosed,6,gain,17,100.0,-0.014535301211759,False
final_input_token_layerwise,disclosed,6,gain,18,100.0,-0.01440239004121413,False
final_input_token_layerwise,disclosed,6,gain,19,100.0,-0.014122459172722202,False
final_input_token_layerwise,disclosed,6,gain,20,100.0,-0.014119480237463677,False
final_input_token_layerwise,disclosed,6,gain,21,100.0,-0.013733456382885645,False
final_input_token_layerwise,disclosed,6,gain,22,100.0,-0.01406508558933739,False
final_input_token_layerwise,disclosed,6,gain,23,100.0,-0.014664202588980269,False
final_input_token_layerwise,disclosed,6,gain,24,100.0,-0.01382346661853534,False
final_input_token_layerwise,disclosed,6,gain,25,100.0,-0.013674504876185212,False
final_input_token_layerwise,disclosed,6,gain,26,100.0,-0.013469414551852521,False
final_input_token_layerwise,disclosed,6,gain,27,100.0,-0.013478523401201759,False
final_input_token_layerwise,disclosed,6,gain,28,100.0,-0.013467261307084033,False
final_input_token_layerwise,disclosed,6,gain,29,100.0,-0.013651101914984975,False
final_input_token_layerwise,disclosed,6,gain,30,100.0,-0.013723760946322716,False
final_input_token_layerwise,disclosed,6,gain,31,100.0,-0.013843170843419905,False
final_input_token_layerwise,disclosed,6,gain,32,100.0,-0.013435676636117722,False
final_input_token_layerwise,disclosed,6,gain,33,100.0,-0.013441297636640037,False
final_input_token_layerwise,disclosed,6,gain,34,100.0,-0.013691753094059733,False
final_input_token_layerwise,disclosed,6,gain,35,100.0,-0.013484202901981546,False
final_input_token_layerwise,disclosed,6,gain,36,100.0,-0.013176057849289435,False
final_input_token_layerwise,disclosed,6,response_residual,0,0.0001,-27.812075845529975,False
final_input_token_layerwise,disclosed,6,response_residual,1,0.1,-0.2318447710729823,False
final_input_token_layerwise,disclosed,6,response_residual,2,0.1,-0.27771359570953,False
final_input_token_layerwise,disclosed,6,response_residual,3,0.1,-0.2663470328294968,False
final_input_token_layerwise,disclosed,6,response_residual,4,0.1,-0.22847284521491823,True
final_input_token_layerwise,disclosed,6,response_residual,5,0.1,-0.2515791743714917,False
final_input_token_layerwise,disclosed,6,response_residual,6,0.1,-0.23482430141953164,False
final_input_token_layerwise,disclosed,6,response_residual,7,0.1,-0.24158161533458267,False
final_input_token_layerwise,disclosed,6,response_residual,8,0.1,-0.23217290185026657,False
final_input_token_layerwise,disclosed,6,response_residual,9,0.1,-0.2779511332040878,False
final_input_token_layerwise,disclosed,6,response_residual,10,0.1,-0.29588105877240534,False
final_input_token_layerwise,disclosed,6,response_residual,11,0.1,-0.3139816811283891,False
final_input_token_layerwise,disclosed,6,response_residual,12,0.1,-0.373777264800261,False
final_input_token_layerwise,disclosed,6,response_residual,13,0.1,-0.3278347435764234,False
final_input_token_layerwise,disclosed,6,response_residual,14,0.1,-0.3475490582200187,False
final_input_token_layerwise,disclosed,6,response_residual,15,0.1,-0.3453585407321124,False
final_input_token_layerwise,disclosed,6,response_residual,16,0.1,-0.34384830017113927,False
final_input_token_layerwise,disclosed,6,response_residual,17,0.1,-0.3603715624432074,False
final_input_token_layerwise,disclosed,6,response_residual,18,0.1,-0.3987370400407675,False
final_input_token_layerwise,disclosed,6,response_residual,19,0.1,-0.430623172062858,False
final_input_token_layerwise,disclosed,6,response_residual,20,0.1,-0.5000578942088131,False
final_input_token_layerwise,disclosed,6,response_residual,21,3.0,-0.5312928497549946,False
final_input_token_layerwise,disclosed,6,response_residual,22,3.0,-0.5834419461624922,False
final_input_token_layerwise,disclosed,6,response_residual,23,0.1,-0.5794547748409066,False
final_input_token_layerwise,disclosed,6,response_residual,24,0.1,-0.6004325406943538,False
final_input_token_layerwise,disclosed,6,response_residual,25,0.1,-0.6502410913723549,False
final_input_token_layerwise,disclosed,6,response_residual,26,3.0,-0.6422576783906115,False
final_input_token_layerwise,disclosed,6,response_residual,27,0.1,-0.6811556762003408,False
final_input_token_layerwise,disclosed,6,response_residual,28,0.1,-0.6855112182496514,False
final_input_token_layerwise,disclosed,6,response_residual,29,3.0,-0.7024520104128533,False
final_input_token_layerwise,disclosed,6,response_residual,30,3.0,-0.695469761798126,False
final_input_token_layerwise,disclosed,6,response_residual,31,3.0,-0.7191929704876163,False
final_input_token_layerwise,disclosed,6,response_residual,32,0.1,-0.6880186667928581,False
final_input_token_layerwise,disclosed,6,response_residual,33,3.0,-0.6263210001752721,False
final_input_token_layerwise,disclosed,6,response_residual,34,3.0,-0.630371501744809,False
final_input_token_layerwise,disclosed,6,response_residual,35,3.0,-0.6299082928594711,False
final_input_token_layerwise,disclosed,6,response_residual,36,0.1,-0.5992627780571262,False
final_input_token_layerwise,disclosed,9,gain,0,0.0001,-0.006872243820002233,True
final_input_token_layerwise,disclosed,9,gain,1,100.0,-0.01638343737342507,False
final_input_token_layerwise,disclosed,9,gain,2,100.0,-0.014284374534307365,False
final_input_token_layerwise,disclosed,9,gain,3,100.0,-0.015359016687806148,False
final_input_token_layerwise,disclosed,9,gain,4,100.0,-0.015016886361713444,False
final_input_token_layerwise,disclosed,9,gain,5,100.0,-0.015213233587016317,False
final_input_token_layerwise,disclosed,9,gain,6,100.0,-0.01553789457101179,False
final_input_token_layerwise,disclosed,9,gain,7,100.0,-0.015889609843398544,False
final_input_token_layerwise,disclosed,9,gain,8,100.0,-0.01624375598595057,False
final_input_token_layerwise,disclosed,9,gain,9,100.0,-0.015411192146052188,False
final_input_token_layerwise,disclosed,9,gain,10,100.0,-0.015977022413261932,False
final_input_token_layerwise,disclosed,9,gain,11,0.1,-0.011383518305954271,False
final_input_token_layerwise,disclosed,9,gain,12,100.0,-0.015784835334071656,False
final_input_token_layerwise,disclosed,9,gain,13,100.0,-0.016078740910179412,False
final_input_token_layerwise,disclosed,9,gain,14,100.0,-0.01594509958578344,False
final_input_token_layerwise,disclosed,9,gain,15,100.0,-0.015722854710734313,False
final_input_token_layerwise,disclosed,9,gain,16,100.0,-0.015214435668983561,False
final_input_token_layerwise,disclosed,9,gain,17,100.0,-0.01508530462097668,False
final_input_token_layerwise,disclosed,9,gain,18,100.0,-0.014841129541601994,False
final_input_token_layerwise,disclosed,9,gain,19,100.0,-0.014924920677643727,False
final_input_token_layerwise,disclosed,9,gain,20,100.0,-0.015179670847323135,False
final_input_token_layerwise,disclosed,9,gain,21,100.0,-0.014888807104410373,False
final_input_token_layerwise,disclosed,9,gain,22,100.0,-0.015285053760337675,False
final_input_token_layerwise,disclosed,9,gain,23,100.0,-0.015649848484281192,False
final_input_token_layerwise,disclosed,9,gain,24,100.0,-0.015518750584747887,False
final_input_token_layerwise,disclosed,9,gain,25,100.0,-0.01574795225018305,False
final_input_token_layerwise,disclosed,9,gain,26,100.0,-0.01577718241641174,False
final_input_token_layerwise,disclosed,9,gain,27,100.0,-0.01593411626122765,False
final_input_token_layerwise,disclosed,9,gain,28,100.0,-0.015692020793579786,False
final_input_token_layerwise,disclosed,9,gain,29,100.0,-0.015525194501077644,False
final_input_token_layerwise,disclosed,9,gain,30,100.0,-0.01588942048008596,False
final_input_token_layerwise,disclosed,9,gain,31,100.0,-0.016077946838071733,False
final_input_token_layerwise,disclosed,9,gain,32,100.0,-0.01584822087940657,False
final_input_token_layerwise,disclosed,9,gain,33,100.0,-0.015627249110051866,False
final_input_token_layerwise,disclosed,9,gain,34,100.0,-0.015787018158347377,False
final_input_token_layerwise,disclosed,9,gain,35,100.0,-0.015583618603188354,False
final_input_token_layerwise,disclosed,9,gain,36,100.0,-0.015392677140830757,False
final_input_token_layerwise,disclosed,9,response_residual,0,0.0001,-27.812075845529975,False
final_input_token_layerwise,disclosed,9,response_residual,1,0.1,-0.2679567283590283,False
final_input_token_layerwise,disclosed,9,response_residual,2,3.0,-0.12958550734940855,True
final_input_token_layerwise,disclosed,9,response_residual,3,3.0,-0.16388467055928324,False
final_input_token_layerwise,disclosed,9,response_residual,4,3.0,-0.15311443582868806,False
final_input_token_layerwise,disclosed,9,response_residual,5,3.0,-0.13536449408505108,False
final_input_token_layerwise,disclosed,9,response_residual,6,3.0,-0.14148429336485854,False
final_input_token_layerwise,disclosed,9,response_residual,7,3.0,-0.15658241237107945,False
final_input_token_layerwise,disclosed,9,response_residual,8,0.1,-0.1795312501959427,False
final_input_token_layerwise,disclosed,9,response_residual,9,3.0,-0.19923185094067045,False
final_input_token_layerwise,disclosed,9,response_residual,10,0.1,-0.18197500747235734,False
final_input_token_layerwise,disclosed,9,response_residual,11,0.1,-0.1517937628304526,False
final_input_token_layerwise,disclosed,9,response_residual,12,3.0,-0.2237852101046613,False
final_input_token_layerwise,disclosed,9,response_residual,13,0.1,-0.21731188729847772,False
final_input_token_layerwise,disclosed,9,response_residual,14,3.0,-0.2638318412683634,False
final_input_token_layerwise,disclosed,9,response_residual,15,3.0,-0.253844341056692,False
final_input_token_layerwise,disclosed,9,response_residual,16,3.0,-0.26943117832295943,False
final_input_token_layerwise,disclosed,9,response_residual,17,3.0,-0.2720510816908527,False
final_input_token_layerwise,disclosed,9,response_residual,18,3.0,-0.2911766903141248,False
final_input_token_layerwise,disclosed,9,response_residual,19,3.0,-0.30568176719451745,False
final_input_token_layerwise,disclosed,9,response_residual,20,3.0,-0.3195760239059517,False
final_input_token_layerwise,disclosed,9,response_residual,21,3.0,-0.32357169411783715,False
final_input_token_layerwise,disclosed,9,response_residual,22,3.0,-0.37660351304998496,False
final_input_token_layerwise,disclosed,9,response_residual,23,3.0,-0.3984611088068743,False
final_input_token_layerwise,disclosed,9,response_residual,24,3.0,-0.46067578882602295,False
final_input_token_layerwise,disclosed,9,response_residual,25,3.0,-0.48336760533784223,False
final_input_token_layerwise,disclosed,9,response_residual,26,3.0,-0.48220026739233346,False
final_input_token_layerwise,disclosed,9,response_residual,27,3.0,-0.49407421939569024,False
final_input_token_layerwise,disclosed,9,response_residual,28,3.0,-0.5010324249749274,False
final_input_token_layerwise,disclosed,9,response_residual,29,3.0,-0.5000197420057788,False
final_input_token_layerwise,disclosed,9,response_residual,30,3.0,-0.5158059265696118,False
final_input_token_layerwise,disclosed,9,response_residual,31,3.0,-0.5402299713552613,False
final_input_token_layerwise,disclosed,9,response_residual,32,3.0,-0.570237000027318,False
final_input_token_layerwise,disclosed,9,response_residual,33,3.0,-0.5968882117278543,False
final_input_token_layerwise,disclosed,9,response_residual,34,0.1,-0.6107010912115414,False
final_input_token_layerwise,disclosed,9,response_residual,35,0.1,-0.6098188622027797,False
final_input_token_layerwise,disclosed,9,response_residual,36,3.0,-0.5882019551343305,False
final_input_token_layerwise,undisclosed,3,gain,0,0.0001,-0.006872243820002233,True
final_input_token_layerwise,undisclosed,3,gain,1,100.0,-0.015388954721929748,False
final_input_token_layerwise,undisclosed,3,gain,2,100.0,-0.012174776061205705,False
final_input_token_layerwise,undisclosed,3,gain,3,100.0,-0.013615650027767101,False
final_input_token_layerwise,undisclosed,3,gain,4,100.0,-0.013660563192373687,False
final_input_token_layerwise,undisclosed,3,gain,5,100.0,-0.014510709837946334,False
final_input_token_layerwise,undisclosed,3,gain,6,100.0,-0.01491420042511754,False
final_input_token_layerwise,undisclosed,3,gain,7,100.0,-0.014902623705141893,False
final_input_token_layerwise,undisclosed,3,gain,8,100.0,-0.014079958813076887,False
final_input_token_layerwise,undisclosed,3,gain,9,100.0,-0.013716328142015954,False
final_input_token_layerwise,undisclosed,3,gain,10,100.0,-0.013240521571124875,False
final_input_token_layerwise,undisclosed,3,gain,11,100.0,-0.013034442813406766,False
final_input_token_layerwise,undisclosed,3,gain,12,100.0,-0.012886034752518982,False
final_input_token_layerwise,undisclosed,3,gain,13,100.0,-0.012479114166212057,False
final_input_token_layerwise,undisclosed,3,gain,14,100.0,-0.012253603250157508,False
final_input_token_layerwise,undisclosed,3,gain,15,100.0,-0.01042548626144485,False
final_input_token_layerwise,undisclosed,3,gain,16,100.0,-0.010315851144425403,False
final_input_token_layerwise,undisclosed,3,gain,17,100.0,-0.01083345533121638,False
final_input_token_layerwise,undisclosed,3,gain,18,100.0,-0.01052408981129671,False
final_input_token_layerwise,undisclosed,3,gain,19,3.0,-0.009104472099483674,False
final_input_token_layerwise,undisclosed,3,gain,20,100.0,-0.010021113589586794,False
final_input_token_layerwise,undisclosed,3,gain,21,100.0,-0.01002946914051267,False
final_input_token_layerwise,undisclosed,3,gain,22,100.0,-0.010586782947078766,False
final_input_token_layerwise,undisclosed,3,gain,23,3.0,-0.008688910510100734,False
final_input_token_layerwise,undisclosed,3,gain,24,100.0,-0.01027273432753173,False
final_input_token_layerwise,undisclosed,3,gain,25,100.0,-0.010099126295949501,False
final_input_token_layerwise,undisclosed,3,gain,26,100.0,-0.01021016090984278,False
final_input_token_layerwise,undisclosed,3,gain,27,100.0,-0.010359840867013193,False
final_input_token_layerwise,undisclosed,3,gain,28,100.0,-0.010861342477760494,False
final_input_token_layerwise,undisclosed,3,gain,29,100.0,-0.011512326612541646,False
final_input_token_layerwise,undisclosed,3,gain,30,100.0,-0.011335038472446268,False
final_input_token_layerwise,undisclosed,3,gain,31,100.0,-0.01195883516949614,False
final_input_token_layerwise,undisclosed,3,gain,32,100.0,-0.012373115688158909,False
final_input_token_layerwise,undisclosed,3,gain,33,100.0,-0.012854421629418245,False
final_input_token_layerwise,undisclosed,3,gain,34,100.0,-0.013185730649284078,False
final_input_token_layerwise,undisclosed,3,gain,35,100.0,-0.013533465733000405,False
final_input_token_layerwise,undisclosed,3,gain,36,100.0,-0.013819666005949416,False
final_input_token_layerwise,undisclosed,3,response_residual,0,0.0001,-27.812075845529975,False
final_input_token_layerwise,undisclosed,3,response_residual,1,0.1,-0.32751178729899644,False
final_input_token_layerwise,undisclosed,3,response_residual,2,0.1,-0.4143482801619296,False
final_input_token_layerwise,undisclosed,3,response_residual,3,3.0,-0.42627805596886065,False
final_input_token_layerwise,undisclosed,3,response_residual,4,0.1,-0.3106551043820371,False
final_input_token_layerwise,undisclosed,3,response_residual,5,0.1,-0.30709957326911286,True
final_input_token_layerwise,undisclosed,3,response_residual,6,3.0,-0.36606541352988364,False
final_input_token_layerwise,undisclosed,3,response_residual,7,3.0,-0.356831999556411,False
final_input_token_layerwise,undisclosed,3,response_residual,8,3.0,-0.374414384650873,False
final_input_token_layerwise,undisclosed,3,response_residual,9,3.0,-0.3985398663260357,False
final_input_token_layerwise,undisclosed,3,response_residual,10,3.0,-0.4108690501287501,False
final_input_token_layerwise,undisclosed,3,response_residual,11,0.1,-0.4010097074907824,False
final_input_token_layerwise,undisclosed,3,response_residual,12,0.1,-0.4150791133264455,False
final_input_token_layerwise,undisclosed,3,response_residual,13,0.1,-0.41187609674345316,False
final_input_token_layerwise,undisclosed,3,response_residual,14,0.1,-0.4702822293541076,False
final_input_token_layerwise,undisclosed,3,response_residual,15,0.1,-0.39570432645004333,False
final_input_token_layerwise,undisclosed,3,response_residual,16,0.1,-0.44937983302782836,False
final_input_token_layerwise,undisclosed,3,response_residual,17,3.0,-0.5544879151702385,False
final_input_token_layerwise,undisclosed,3,response_residual,18,3.0,-0.5546733536402797,False
final_input_token_layerwise,undisclosed,3,response_residual,19,0.1,-0.5528288919735194,False
final_input_token_layerwise,undisclosed,3,response_residual,20,0.1,-0.5757517838278516,False
final_input_token_layerwise,undisclosed,3,response_residual,21,3.0,-0.595377104401466,False
final_input_token_layerwise,undisclosed,3,response_residual,22,3.0,-0.5947403982541031,False
final_input_token_layerwise,undisclosed,3,response_residual,23,3.0,-0.5351971934619641,False
final_input_token_layerwise,undisclosed,3,response_residual,24,0.1,-0.5588756376756678,False
final_input_token_layerwise,undisclosed,3,response_residual,25,3.0,-0.5602670889755648,False
final_input_token_layerwise,undisclosed,3,response_residual,26,3.0,-0.566703764947291,False
final_input_token_layerwise,undisclosed,3,response_residual,27,3.0,-0.5663542158485675,False
final_input_token_layerwise,undisclosed,3,response_residual,28,3.0,-0.5751169040937647,False
final_input_token_layerwise,undisclosed,3,response_residual,29,0.1,-0.5583601145089683,False
final_input_token_layerwise,undisclosed,3,response_residual,30,0.1,-0.5663632563954135,False
final_input_token_layerwise,undisclosed,3,response_residual,31,0.1,-0.6157327054890236,False
final_input_token_layerwise,undisclosed,3,response_residual,32,0.1,-0.6460924569461055,False
final_input_token_layerwise,undisclosed,3,response_residual,33,3.0,-0.6846358071635381,False
final_input_token_layerwise,undisclosed,3,response_residual,34,3.0,-0.6716217559470758,False
final_input_token_layerwise,undisclosed,3,response_residual,35,0.1,-0.6002941633680626,False
final_input_token_layerwise,undisclosed,3,response_residual,36,0.1,-0.6021176343183349,False
final_input_token_layerwise,undisclosed,6,gain,0,0.0001,-0.006872243820002233,True
final_input_token_layerwise,undisclosed,6,gain,1,100.0,-0.014462434009676561,False
final_input_token_layerwise,undisclosed,6,gain,2,100.0,-0.014547766502015502,False
final_input_token_layerwise,undisclosed,6,gain,3,100.0,-0.015070220739407447,False
final_input_token_layerwise,undisclosed,6,gain,4,100.0,-0.01445708161519732,False
final_input_token_layerwise,undisclosed,6,gain,5,100.0,-0.014894421248169143,False
final_input_token_layerwise,undisclosed,6,gain,6,100.0,-0.014855676431640263,False
final_input_token_layerwise,undisclosed,6,gain,7,100.0,-0.015375997069394298,False
final_input_token_layerwise,undisclosed,6,gain,8,100.0,-0.015209796837001799,False
final_input_token_layerwise,undisclosed,6,gain,9,100.0,-0.014922978903801454,False
final_input_token_layerwise,undisclosed,6,gain,10,100.0,-0.014909107398933863,False
final_input_token_layerwise,undisclosed,6,gain,11,100.0,-0.015094477971919096,False
final_input_token_layerwise,undisclosed,6,gain,12,100.0,-0.014917258557961777,False
final_input_token_layerwise,undisclosed,6,gain,13,100.0,-0.01466530629890106,False
final_input_token_layerwise,undisclosed,6,gain,14,100.0,-0.01459312146101771,False
final_input_token_layerwise,undisclosed,6,gain,15,100.0,-0.014663752187232315,False
final_input_token_layerwise,undisclosed,6,gain,16,100.0,-0.014499119707332309,False
final_input_token_layerwise,undisclosed,6,gain,17,100.0,-0.014541865112453756,False
final_input_token_layerwise,undisclosed,6,gain,18,100.0,-0.014478308161847642,False
final_input_token_layerwise,undisclosed,6,gain,19,100.0,-0.014631602528001608,False
final_input_token_layerwise,undisclosed,6,gain,20,100.0,-0.014067267836519015,False
final_input_token_layerwise,undisclosed,6,gain,21,100.0,-0.014119046898058485,False
final_input_token_layerwise,undisclosed,6,gain,22,100.0,-0.014472747999713487,False
final_input_token_layerwise,undisclosed,6,gain,23,100.0,-0.014744704826782029,False
final_input_token_layerwise,undisclosed,6,gain,24,100.0,-0.01532479554113364,False
final_input_token_layerwise,undisclosed,6,gain,25,100.0,-0.015301844608023918,False
final_input_token_layerwise,undisclosed,6,gain,26,100.0,-0.015358757543155466,False
final_input_token_layerwise,undisclosed,6,gain,27,100.0,-0.015628080948778822,False
final_input_token_layerwise,undisclosed,6,gain,28,100.0,-0.01559676940795962,False
final_input_token_layerwise,undisclosed,6,gain,29,100.0,-0.015371031026741366,False
final_input_token_layerwise,undisclosed,6,gain,30,100.0,-0.015250521037417086,False
final_input_token_layerwise,undisclosed,6,gain,31,100.0,-0.014895544366992808,False
final_input_token_layerwise,undisclosed,6,gain,32,100.0,-0.014847985284145826,False
final_input_token_layerwise,undisclosed,6,gain,33,100.0,-0.015345867328801555,False
final_input_token_layerwise,undisclosed,6,gain,34,100.0,-0.015577189921546608,False
final_input_token_layerwise,undisclosed,6,gain,35,100.0,-0.015392740389260973,False
final_input_token_layerwise,undisclosed,6,gain,36,100.0,-0.015223366243209746,False
final_input_token_layerwise,undisclosed,6,response_residual,0,0.0001,-27.812075845529975,False
final_input_token_layerwise,undisclosed,6,response_residual,1,0.1,-0.25942313719427545,True
final_input_token_layerwise,undisclosed,6,response_residual,2,0.1,-0.3706695893706534,False
final_input_token_layerwise,undisclosed,6,response_residual,3,0.1,-0.3758409622488698,False
final_input_token_layerwise,undisclosed,6,response_residual,4,0.1,-0.31336970971613853,False
final_input_token_layerwise,undisclosed,6,response_residual,5,0.1,-0.3059785778992228,False
final_input_token_layerwise,undisclosed,6,response_residual,6,0.1,-0.3686086618000316,False
final_input_token_layerwise,undisclosed,6,response_residual,7,0.1,-0.3476183611020816,False
final_input_token_layerwise,undisclosed,6,response_residual,8,0.1,-0.31247428242480224,False
final_input_token_layerwise,undisclosed,6,response_residual,9,0.1,-0.33172474557249065,False
final_input_token_layerwise,undisclosed,6,response_residual,10,0.1,-0.37582623579499685,False
final_input_token_layerwise,undisclosed,6,response_residual,11,3.0,-0.4290501285096414,False
final_input_token_layerwise,undisclosed,6,response_residual,12,3.0,-0.4159850955635656,False
final_input_token_layerwise,undisclosed,6,response_residual,13,3.0,-0.39615859042100643,False
final_input_token_layerwise,undisclosed,6,response_residual,14,3.0,-0.42408171322339205,False
final_input_token_layerwise,undisclosed,6,response_residual,15,3.0,-0.4320179512033809,False
final_input_token_layerwise,undisclosed,6,response_residual,16,3.0,-0.4460994719854844,False
final_input_token_layerwise,undisclosed,6,response_residual,17,3.0,-0.4594863091766925,False
final_input_token_layerwise,undisclosed,6,response_residual,18,3.0,-0.4840647065332999,False
final_input_token_layerwise,undisclosed,6,response_residual,19,0.1,-0.5197981669789717,False
final_input_token_layerwise,undisclosed,6,response_residual,20,0.1,-0.4831634845404658,False
final_input_token_layerwise,undisclosed,6,response_residual,21,0.1,-0.49788847640406036,False
final_input_token_layerwise,undisclosed,6,response_residual,22,0.1,-0.5152428892152787,False
final_input_token_layerwise,undisclosed,6,response_residual,23,0.1,-0.5157219992980446,False
final_input_token_layerwise,undisclosed,6,response_residual,24,0.1,-0.5620362686231719,False
final_input_token_layerwise,undisclosed,6,response_residual,25,3.0,-0.6164512127877961,False
final_input_token_layerwise,undisclosed,6,response_residual,26,3.0,-0.6306707347986873,False
final_input_token_layerwise,undisclosed,6,response_residual,27,0.1,-0.6387568732352973,False
final_input_token_layerwise,undisclosed,6,response_residual,28,0.1,-0.6476966776490598,False
final_input_token_layerwise,undisclosed,6,response_residual,29,3.0,-0.6669680908431008,False
final_input_token_layerwise,undisclosed,6,response_residual,30,3.0,-0.6592555074446049,False
final_input_token_layerwise,undisclosed,6,response_residual,31,3.0,-0.6736295716494802,False
final_input_token_layerwise,undisclosed,6,response_residual,32,3.0,-0.6935276799154821,False
final_input_token_layerwise,undisclosed,6,response_residual,33,3.0,-0.695142292305157,False
final_input_token_layerwise,undisclosed,6,response_residual,34,3.0,-0.6980254409345591,False
final_input_token_layerwise,undisclosed,6,response_residual,35,3.0,-0.6829436312492618,False
final_input_token_layerwise,undisclosed,6,response_residual,36,3.0,-0.6905075667973497,False
final_input_token_layerwise,undisclosed,9,gain,0,0.0001,-0.006872243820002233,True
final_input_token_layerwise,undisclosed,9,gain,1,100.0,-0.016130338373902264,False
final_input_token_layerwise,undisclosed,9,gain,2,100.0,-0.013793410698043296,False
final_input_token_layerwise,undisclosed,9,gain,3,100.0,-0.014649845143181794,False
final_input_token_layerwise,undisclosed,9,gain,4,100.0,-0.01367648207264488,False
final_input_token_layerwise,undisclosed,9,gain,5,100.0,-0.01375639277176427,False
final_input_token_layerwise,undisclosed,9,gain,6,100.0,-0.013534248006048244,False
final_input_token_layerwise,undisclosed,9,gain,7,100.0,-0.013434137976150728,False
final_input_token_layerwise,undisclosed,9,gain,8,100.0,-0.013612417018036282,False
final_input_token_layerwise,undisclosed,9,gain,9,100.0,-0.01307621411422577,False
final_input_token_layerwise,undisclosed,9,gain,10,100.0,-0.01368148591259205,False
final_input_token_layerwise,undisclosed,9,gain,11,100.0,-0.01378509843336273,False
final_input_token_layerwise,undisclosed,9,gain,12,100.0,-0.013976681872512886,False
final_input_token_layerwise,undisclosed,9,gain,13,100.0,-0.014393547641772142,False
final_input_token_layerwise,undisclosed,9,gain,14,100.0,-0.014307391998142294,False
final_input_token_layerwise,undisclosed,9,gain,15,100.0,-0.014899016811864119,False
final_input_token_layerwise,undisclosed,9,gain,16,100.0,-0.014620227595210089,False
final_input_token_layerwise,undisclosed,9,gain,17,100.0,-0.014898680480611881,False
final_input_token_layerwise,undisclosed,9,gain,18,100.0,-0.014981484573512172,False
final_input_token_layerwise,undisclosed,9,gain,19,100.0,-0.014445761429748294,False
final_input_token_layerwise,undisclosed,9,gain,20,100.0,-0.01405330993296644,False
final_input_token_layerwise,undisclosed,9,gain,21,100.0,-0.014235441227438361,False
final_input_token_layerwise,undisclosed,9,gain,22,100.0,-0.014660028428958971,False
final_input_token_layerwise,undisclosed,9,gain,23,100.0,-0.014567659354301266,False
final_input_token_layerwise,undisclosed,9,gain,24,100.0,-0.014499468116633107,False
final_input_token_layerwise,undisclosed,9,gain,25,100.0,-0.014328488454752764,False
final_input_token_layerwise,undisclosed,9,gain,26,100.0,-0.014258595394281481,False
final_input_token_layerwise,undisclosed,9,gain,27,100.0,-0.014353510348698417,False
final_input_token_layerwise,undisclosed,9,gain,28,100.0,-0.014589272109754137,False
final_input_token_layerwise,undisclosed,9,gain,29,100.0,-0.014472302596198972,False
final_input_token_layerwise,undisclosed,9,gain,30,100.0,-0.014735512459877753,False
final_input_token_layerwise,undisclosed,9,gain,31,100.0,-0.014542738494282947,False
final_input_token_layerwise,undisclosed,9,gain,32,100.0,-0.014795034280845831,False
final_input_token_layerwise,undisclosed,9,gain,33,100.0,-0.015263987681071844,False
final_input_token_layerwise,undisclosed,9,gain,34,100.0,-0.01546750849199291,False
final_input_token_layerwise,undisclosed,9,gain,35,100.0,-0.015284031506729356,False
final_input_token_layerwise,undisclosed,9,gain,36,100.0,-0.01504577995260098,False
final_input_token_layerwise,undisclosed,9,response_residual,0,0.0001,-27.812075845529975,False
final_input_token_layerwise,undisclosed,9,response_residual,1,0.1,-0.21097481236943838,False
final_input_token_layerwise,undisclosed,9,response_residual,2,3.0,-0.1407672821770488,False
final_input_token_layerwise,undisclosed,9,response_residual,3,3.0,-0.15318313640109815,False
final_input_token_layerwise,undisclosed,9,response_residual,4,3.0,-0.13533508625888635,True
final_input_token_layerwise,undisclosed,9,response_residual,5,3.0,-0.14727849977540824,False
final_input_token_layerwise,undisclosed,9,response_residual,6,3.0,-0.1516984674684686,False
final_input_token_layerwise,undisclosed,9,response_residual,7,3.0,-0.16885494624652414,False
final_input_token_layerwise,undisclosed,9,response_residual,8,3.0,-0.20151692819371758,False
final_input_token_layerwise,undisclosed,9,response_residual,9,3.0,-0.2224549438742941,False
final_input_token_layerwise,undisclosed,9,response_residual,10,3.0,-0.2432544676468405,False
final_input_token_layerwise,undisclosed,9,response_residual,11,3.0,-0.2367092671224274,False
final_input_token_layerwise,undisclosed,9,response_residual,12,3.0,-0.2193134222305133,False
final_input_token_layerwise,undisclosed,9,response_residual,13,3.0,-0.22489542766996035,False
final_input_token_layerwise,undisclosed,9,response_residual,14,3.0,-0.24189551836320827,False
final_input_token_layerwise,undisclosed,9,response_residual,15,3.0,-0.23996413224991547,False
final_input_token_layerwise,undisclosed,9,response_residual,16,3.0,-0.2468938276670849,False
final_input_token_layerwise,undisclosed,9,response_residual,17,3.0,-0.2722247464241124,False
final_input_token_layerwise,undisclosed,9,response_residual,18,3.0,-0.28619777578420774,False
final_input_token_layerwise,undisclosed,9,response_residual,19,3.0,-0.30356870148619597,False
final_input_token_layerwise,undisclosed,9,response_residual,20,3.0,-0.3206367488210272,False
final_input_token_layerwise,undisclosed,9,response_residual,21,3.0,-0.33260143104430995,False
final_input_token_layerwise,undisclosed,9,response_residual,22,3.0,-0.3547268589946415,False
final_input_token_layerwise,undisclosed,9,response_residual,23,3.0,-0.37804022061852244,False
final_input_token_layerwise,undisclosed,9,response_residual,24,3.0,-0.39745213427846565,False
final_input_token_layerwise,undisclosed,9,response_residual,25,3.0,-0.4071228971981048,False
final_input_token_layerwise,undisclosed,9,response_residual,26,3.0,-0.4132877589828908,False
final_input_token_layerwise,undisclosed,9,response_residual,27,3.0,-0.43344079984224215,False
final_input_token_layerwise,undisclosed,9,response_residual,28,3.0,-0.4409730629357905,False
final_input_token_layerwise,undisclosed,9,response_residual,29,3.0,-0.4323689681986272,False
final_input_token_layerwise,undisclosed,9,response_residual,30,3.0,-0.43186531380368237,False
final_input_token_layerwise,undisclosed,9,response_residual,31,3.0,-0.415654514395325,False
final_input_token_layerwise,undisclosed,9,response_residual,32,3.0,-0.41654742320066346,False
final_input_token_layerwise,undisclosed,9,response_residual,33,3.0,-0.4359946569104789,False
final_input_token_layerwise,undisclosed,9,response_residual,34,3.0,-0.42572100026648135,False
final_input_token_layerwise,undisclosed,9,response_residual,35,3.0,-0.4155442724218108,False
final_input_token_layerwise,undisclosed,9,response_residual,36,3.0,-0.402672032891429,False
mean_embedding,disclosed,3,gain,0,100.0,-0.017334853370642833,True
mean_embedding,disclosed,3,response_residual,0,0.1,-0.18722086896792528,True
mean_embedding,disclosed,6,gain,0,100.0,-0.01596037240446918,True
mean_embedding,disclosed,6,response_residual,0,0.1,-0.13707620622733685,True
mean_embedding,disclosed,9,gain,0,100.0,-0.017272421693868723,True
mean_embedding,disclosed,9,response_residual,0,0.1,-0.16920649560807244,True
mean_embedding,undisclosed,3,gain,0,100.0,-0.017322445986270363,True
mean_embedding,undisclosed,3,response_residual,0,0.1,-0.1889468426433334,True
mean_embedding,undisclosed,6,gain,0,100.0,-0.01578877671184159,True
mean_embedding,undisclosed,6,response_residual,0,0.1,-0.13832313800893514,True
mean_embedding,undisclosed,9,gain,0,100.0,-0.01710578641083449,True
mean_embedding,undisclosed,9,response_residual,0,0.1,-0.16994649160451797,True
mean_final_layer,disclosed,3,gain,0,100.0,-0.015665299031594304,True
mean_final_layer,disclosed,3,response_residual,0,3.0,-0.21317790294458427,True
mean_final_layer,disclosed,6,gain,0,100.0,-0.015312452938325671,True
mean_final_layer,disclosed,6,response_residual,0,3.0,-0.20232244712551462,True
mean_final_layer,disclosed,9,gain,0,100.0,-0.014787304420052383,True
mean_final_layer,disclosed,9,response_residual,0,0.1,-0.15745624621556187,True
mean_final_layer,undisclosed,3,gain,0,100.0,-0.015285377876496087,True
mean_final_layer,undisclosed,3,response_residual,0,3.0,-0.20099645814014766,True
mean_final_layer,undisclosed,6,gain,0,100.0,-0.014934618062860783,True
mean_final_layer,undisclosed,6,response_residual,0,3.0,-0.19872594317365733,True
mean_final_layer,undisclosed,9,gain,0,100.0,-0.014356787919739322,True
mean_final_layer,undisclosed,9,response_residual,0,3.0,-0.18669932249219418,True
