review_id,review_batch,material_status,scenario_text,new_message,direction_judgment,relevance_judgment,confidence_1_to_5,ambiguity_judgment,alternative_causal_paths,reviewer_notes
Ra957cdc494e4f9cb8306,batch_3,authored_development_unvalidated,"This is a fictional forecasting scenario. Use only the information supplied here, and treat the stated relationships as applying within this scenario. Do not search or use the outcomes of real events.

QUESTION
Will the Larch service finish its release validation by 17 November?

RESOLUTION RULE
YES if every required release-validation check finishes by the end of 17 November; otherwise NO.

BACKGROUND
Larch's validation pipeline shares a worker pool with the Maple queue. A separate Cypress queue uses isolated workers. Check runtimes and incoming production traffic remain uncertain.

INFORMATION ALREADY AVAILABLE
Worker K's capacity plan lists 12 record operations per second. Worker K's version manifest is archived each Tuesday.

ADDITIONAL CONTEXT
Pending records in Maple consume the workers needed for release validation. Clearing those records frees worker time for the required checks. Worker K has a separate processor, all described operations are useful, and Cypress consumes none of Larch's resources. Worker K removes pending records from the Maple queue.",Worker K's benchmark records 24 record operations per second; its capacity plan listed 12.,,,,,,
R3298dbfa2733c5972ed1,batch_1,authored_development_unvalidated,"This is a fictional forecasting scenario. Use only the information supplied here, and treat the stated relationships as applying within this scenario. Do not search or use the outcomes of real events.

QUESTION
Will the Aster greenhouse produce at least 12,000 marketable blooms during November?

RESOLUTION RULE
YES if Aster's accepted-flower count reaches 12,000 blooms during November; otherwise NO.

BACKGROUND
Aster grows a single flower variety whose buds are attacked by mite M. Organism K is introduced on carrier strips. Temperature and other growing conditions remain uncertain.

INFORMATION ALREADY AVAILABLE
The strip supplier's November plan contains 40 K-bearing carrier strips. The strip supplier's packing audit is scheduled for 6 November.

ADDITIONAL CONTEXT
Additional carrier strips establish more K organisms on greenhouse benches. Damage to unopened buds prevents those buds from becoming marketable blooms. K has no effects other than the feeding behavior specified here and does not alter other greenhouse resources. Organism K feeds exclusively upon unopened flower buds.",The strip supplier's confirmed November allocation contains 80 K-bearing carrier strips; its earlier plan contained 40.,,,,,,
Ra0854f8161ad70c534d0,batch_3,authored_development_unvalidated,"This is a fictional forecasting scenario. Use only the information supplied here, and treat the stated relationships as applying within this scenario. Do not search or use the outcomes of real events.

QUESTION
Will the Aster greenhouse produce at least 12,000 marketable blooms during November?

RESOLUTION RULE
YES if Aster's accepted-flower count reaches 12,000 blooms during November; otherwise NO.

BACKGROUND
Aster grows a single flower variety whose buds are attacked by mite M. Organism K is introduced on carrier strips. Temperature and other growing conditions remain uncertain.

INFORMATION ALREADY AVAILABLE
The strip supplier's November plan contains 40 K-bearing carrier strips. The strip supplier's packing audit is scheduled for 6 November.

ADDITIONAL CONTEXT
Additional carrier strips establish more K organisms on greenhouse benches. Damage to unopened buds prevents those buds from becoming marketable blooms. K has no effects other than the feeding behavior specified here and does not alter other greenhouse resources. Organism K feeds exclusively upon bud-attacking mite M.",The strip supplier's confirmed November allocation contains 80 K-bearing carrier strips; its earlier plan contained 40.,,,,,,
R09ee2237a9ee693ea419,batch_1,authored_development_unvalidated,"This is a fictional forecasting scenario. Use only the information supplied here, and treat the stated relationships as applying within this scenario. Do not search or use the outcomes of real events.

QUESTION
Will the Finch theatre open its new production by 30 November?

RESOLUTION RULE
YES if Finch holds its first public performance of the new production by 30 November; otherwise NO.

BACKGROUND
Finch's rehearsal space must be cleared of crates before full stage rehearsals. The Robin theatre has an independent space and staff. Rehearsal progress and technical faults remain uncertain.

INFORMATION ALREADY AVAILABLE
Hauler K's November schedule specifies 20 crate movements per day. Hauler K's route review is scheduled for 4 November.

ADDITIONAL CONTEXT
Crates stored on Finch's rehearsal floor occupy the stage area and postpone full rehearsals. Additional full rehearsals resolve blocking problems needed before opening. Each stated movement changes floor occupancy, while Robin's floor and operations are independent of Finch. Hauler K carries crates onto the Robin rehearsal floor.",Hauler K's confirmed November schedule specifies 10 crate movements per day; its previous schedule specified 20.,,,,,,
Re0c0ff64279e396e2b91,batch_1,authored_development_unvalidated,"This is a fictional forecasting scenario. Use only the information supplied here, and treat the stated relationships as applying within this scenario. Do not search or use the outcomes of real events.

QUESTION
Will the Larch service finish its release validation by 17 November?

RESOLUTION RULE
YES if every required release-validation check finishes by the end of 17 November; otherwise NO.

BACKGROUND
Larch's validation pipeline shares a worker pool with the Maple queue. A separate Cypress queue uses isolated workers. Check runtimes and incoming production traffic remain uncertain.

INFORMATION ALREADY AVAILABLE
Worker K's capacity plan lists 12 record operations per second. Worker K's version manifest is archived each Tuesday.",Worker K's benchmark records 24 record operations per second; its capacity plan listed 12.,,,,,,
R0feeb5a89f942b9fe898,batch_2,authored_development_unvalidated,"This is a fictional forecasting scenario. Use only the information supplied here, and treat the stated relationships as applying within this scenario. Do not search or use the outcomes of real events.

QUESTION
Will the Fern relay link meet its 99 percent uptime target during November?

RESOLUTION RULE
YES if the audited Fern link is available for at least 99 percent of November; otherwise NO.

BACKGROUND
Fern's receiver obtains a direct radio signal and can also receive station K. Fading of the direct signal remains uncertain. K's received signal is weaker than the direct signal across the operating range.

INFORMATION ALREADY AVAILABLE
Station K's timetable assigns 120 transmission minutes per day. Station K's clock inspection is scheduled for 2 November.

ADDITIONAL CONTEXT
A stronger combined signal at Fern's receiver prevents interruptions during fades. K's waveform and phase remain stable during each transmission. An unused-frequency transmission is filtered out and consumes none of Fern's channel capacity. Station K transmits matching-phase copies on an unused frequency.",Station K's confirmed timetable assigns 60 transmission minutes per day; its previous timetable assigned 120.,,,,,,
R108ca1e9caf53110cb6d,batch_2,authored_development_unvalidated,"This is a fictional forecasting scenario. Use only the information supplied here, and treat the stated relationships as applying within this scenario. Do not search or use the outcomes of real events.

QUESTION
Will the Fenwick depot dispatch at least 900 orders during the first week of November?

RESOLUTION RULE
YES if Fenwick records at least 900 dispatched orders from 1 through 7 November; otherwise NO.

BACKGROUND
Fenwick's packing line draws empty cartons from the Cedar buffer. The Birch buffer belongs to an independent depot. Fenwick's order demand is sufficient, but packaging interruptions and other work may affect dispatches.

INFORMATION ALREADY AVAILABLE
Loader K's work plan assumes 60 carton transfers per hour. Loader K's maintenance log is filed every Thursday.",Loader K's acceptance test records 30 carton transfers per hour; its work plan assumed 60.,,,,,,
Re77fd3f33637131968ea,batch_3,authored_development_unvalidated,"This is a fictional forecasting scenario. Use only the information supplied here, and treat the stated relationships as applying within this scenario. Do not search or use the outcomes of real events.

QUESTION
Will the Willow farm harvest at least 70 tonnes of carrots in November?

RESOLUTION RULE
YES if Willow's November weighbridge records at least 70 tonnes of harvested carrots; otherwise NO.

BACKGROUND
Willow's carrot plots are drier than their preferred range. Adjacent Juniper plots belong to a separate water system. Rainfall and pests may still affect the harvest.

INFORMATION ALREADY AVAILABLE
Channel K's irrigation schedule specifies 8 litres per second. Channel K's staff rota is posted each Friday.",Channel K's flow test records 12 litres per second; its irrigation schedule specified 8.,,,,,,
R2efdc539c4da0530d741,batch_4,authored_development_unvalidated,"This is a fictional forecasting scenario. Use only the information supplied here, and treat the stated relationships as applying within this scenario. Do not search or use the outcomes of real events.

QUESTION
Will Mira Vale win the Westmere mayoral election on 14 October?

RESOLUTION RULE
YES if the certified Westmere mayoral tally names Mira Vale as winner; otherwise NO.

BACKGROUND
Mira Vale and Oren Pike are the two Westmere mayoral candidates. Tessa Wynn runs for council in a separate town whose electorate does not overlap Westmere. The mayoral contest is competitive.

INFORMATION ALREADY AVAILABLE
Brightbridge's planning sheet lists 320 phone-bank hours for September. Brightbridge's planning meeting is scheduled for 2 September.

ADDITIONAL CONTEXT
Brightbridge's phone bank recruits canvassers. Additional phone-bank hours yield additional canvassers, whose door visits shift votes toward the candidate they serve. The teams and budgets for these three campaigns are separate. Brightbridge's canvassers are assigned exclusively to Oren Pike.",Brightbridge reports 640 committed phone-bank hours for September; its previous planning sheet listed 320.,,,,,,
Ra25e4398cca28a07d750,batch_2,authored_development_unvalidated,"This is a fictional forecasting scenario. Use only the information supplied here, and treat the stated relationships as applying within this scenario. Do not search or use the outcomes of real events.

QUESTION
Will the Willow farm harvest at least 70 tonnes of carrots in November?

RESOLUTION RULE
YES if Willow's November weighbridge records at least 70 tonnes of harvested carrots; otherwise NO.

BACKGROUND
Willow's carrot plots are drier than their preferred range. Adjacent Juniper plots belong to a separate water system. Rainfall and pests may still affect the harvest.

INFORMATION ALREADY AVAILABLE
Channel K's irrigation schedule specifies 8 litres per second. Channel K's staff rota is posted each Friday.

ADDITIONAL CONTEXT
Within the scheduled water range, moisture retained in Willow's plots supports leaf growth, which supplies energy for heavier carrot roots. Neither flooding nor nutrient runoff occurs over this range. Juniper's water remains outside Willow's root zone. Channel K carries water into the Willow plots.",Channel K's flow test records 12 litres per second; its irrigation schedule specified 8.,,,,,,
R87c82358d111ac20f295,batch_3,authored_development_unvalidated,"This is a fictional forecasting scenario. Use only the information supplied here, and treat the stated relationships as applying within this scenario. Do not search or use the outcomes of real events.

QUESTION
Will the Fern relay link meet its 99 percent uptime target during November?

RESOLUTION RULE
YES if the audited Fern link is available for at least 99 percent of November; otherwise NO.

BACKGROUND
Fern's receiver obtains a direct radio signal and can also receive station K. Fading of the direct signal remains uncertain. K's received signal is weaker than the direct signal across the operating range.

INFORMATION ALREADY AVAILABLE
Station K's timetable assigns 120 transmission minutes per day. Station K's clock inspection is scheduled for 2 November.

ADDITIONAL CONTEXT
A stronger combined signal at Fern's receiver prevents interruptions during fades. K's waveform and phase remain stable during each transmission. An unused-frequency transmission is filtered out and consumes none of Fern's channel capacity. Station K transmits opposite-phase copies on Fern's operating frequency.",Station K's confirmed timetable assigns 60 transmission minutes per day; its previous timetable assigned 120.,,,,,,
R88dd88c30d1f875bec6a,batch_2,authored_development_unvalidated,"This is a fictional forecasting scenario. Use only the information supplied here, and treat the stated relationships as applying within this scenario. Do not search or use the outcomes of real events.

QUESTION
Will strain R's fluorescence assay exceed 400 units at the end of the October batch?

RESOLUTION RULE
YES if the final calibrated fluorescence reading from strain R exceeds 400 units; otherwise NO.

BACKGROUND
Strain R grows in a controlled culture. Its fluorescence is proportional to its living cell count. Its final biomass remains uncertain because several inputs are variable.

INFORMATION ALREADY AVAILABLE
Strain K's feed schedule supplies 20 grams of substrate per day. Strain K's weighing log is checked each Wednesday.",Strain K's confirmed feed schedule supplies 10 grams of substrate per day; the previous schedule supplied 20.,,,,,,
Rfc53f1b2122a96aa968d,batch_3,authored_development_unvalidated,"This is a fictional forecasting scenario. Use only the information supplied here, and treat the stated relationships as applying within this scenario. Do not search or use the outcomes of real events.

QUESTION
Will the Brook treatment works deliver at least 90 megalitres of certified water in November?

RESOLUTION RULE
YES if Brook's November certified-water meter totals at least 90 megalitres; otherwise NO.

BACKGROUND
Brook takes raw water from the Cedar settling basin. Birch belongs to an independent treatment works. Water demand is sufficient, but rainfall and filter maintenance remain uncertain.

INFORMATION ALREADY AVAILABLE
Pump K's operating plan moves 30 kilograms of suspended silt per hour. Pump K's service roster is posted every Wednesday.

ADDITIONAL CONTEXT
Suspended silt in Cedar clogs Brook's filters, forcing cleaning breaks. Fewer cleaning breaks permit additional certified-water output. All planned silt loads are within the treatment works' operating range. Birch's contents cannot enter Brook's system. Pump K carries suspended silt within the Birch basin.",Pump K's commissioning test records 15 kilograms of suspended silt per hour; its operating plan specified 30.,,,,,,
Rcbe1c41616a1bf642616,batch_4,authored_development_unvalidated,"This is a fictional forecasting scenario. Use only the information supplied here, and treat the stated relationships as applying within this scenario. Do not search or use the outcomes of real events.

QUESTION
Will the Eastbank council select the Canal bus-lane proposal at its November meeting?

RESOLUTION RULE
YES if Canal receives the council's single transport-capital allocation in November; otherwise NO.

BACKGROUND
Eastbank will choose exactly one of Canal bus lanes and Ridge tram upgrades. Grove footpaths belongs to a separate district and budget. Both Eastbank proposals are still under technical review.

INFORMATION ALREADY AVAILABLE
Arc Design has scheduled 180 engineering hours for the final review period. Arc Design's coordination session is booked for 6 October.

ADDITIONAL CONTEXT
Arc Design uses engineering hours to resolve a proposal's construction uncertainties. Resolving these uncertainties lowers its contingency budget, and the council favors the proposal requiring the smaller budget. Work on one proposal does not service the others. Arc Design's contract covers only the Ridge proposal.",Arc Design's revised schedule lists 90 engineering hours for the final review period; the earlier schedule listed 180.,,,,,,
R286bfd674d0d5863b694,batch_4,authored_development_unvalidated,"This is a fictional forecasting scenario. Use only the information supplied here, and treat the stated relationships as applying within this scenario. Do not search or use the outcomes of real events.

QUESTION
Will Alder clinic's routine appointment waiting time be under 14 days on 30 November?

RESOLUTION RULE
YES if the clinic's routine-booking audit on 30 November reports a median wait below 14 days; otherwise NO.

BACKGROUND
Alder books routine visits from the Cedar request queue. Birch is an independent clinic with its own request queue. Appointment capacity is limited, and future patient demand remains uncertain.

INFORMATION ALREADY AVAILABLE
Processor K's staffing plan allows 30 request operations per day. Processor K's audit meeting is scheduled for 7 November.",Processor K's staffing confirmation allows 60 request operations per day; the previous plan allowed 30.,,,,,,
R91d18f3f2d0cbe2f07b3,batch_3,authored_development_unvalidated,"This is a fictional forecasting scenario. Use only the information supplied here, and treat the stated relationships as applying within this scenario. Do not search or use the outcomes of real events.

QUESTION
Will the Brindle factory complete at least 4,000 moulded cases in November?

RESOLUTION RULE
YES if the factory's accepted-output count reaches 4,000 cases during November; otherwise NO.

BACKGROUND
Brindle's moulding line uses resin from hopper A. Hopper B serves an independent factory. The line has sufficient orders, but maintenance and resin availability can interrupt production.

INFORMATION ALREADY AVAILABLE
Conveyor K's schedule specifies 40 kilograms of resin moved per minute. Conveyor K's certification sheet is reviewed on 5 November.

ADDITIONAL CONTEXT
Resin available in hopper A prevents idle cycles at Brindle's moulding line. Fewer idle cycles yield additional accepted cases. The hoppers remain within operating limits throughout the scheduled range, and the two factories have no shared material supply. Conveyor K carries resin into hopper A.",Conveyor K's load test records 20 kilograms of resin moved per minute; its schedule specified 40.,,,,,,
R87eb827d95417d2c4536,batch_3,authored_development_unvalidated,"This is a fictional forecasting scenario. Use only the information supplied here, and treat the stated relationships as applying within this scenario. Do not search or use the outcomes of real events.

QUESTION
Will strain R's fluorescence assay exceed 400 units at the end of the October batch?

RESOLUTION RULE
YES if the final calibrated fluorescence reading from strain R exceeds 400 units; otherwise NO.

BACKGROUND
Strain R grows in a controlled culture. Its fluorescence is proportional to its living cell count. Its final biomass remains uncertain because several inputs are variable.

INFORMATION ALREADY AVAILABLE
Strain K's feed schedule supplies 20 grams of substrate per day. Strain K's weighing log is checked each Wednesday.

ADDITIONAL CONTEXT
Extra substrate grows more strain K cells, producing additional secretion that enters R's culture. Within the stated range the secretion's effect is stable, and K neither competes with R for other inputs nor changes the fluorescence instrument. Strain K's secretion acts solely as a growth inhibitor for R.",Strain K's confirmed feed schedule supplies 10 grams of substrate per day; the previous schedule supplied 20.,,,,,,
Ree1448def33b8d32af13,batch_1,authored_development_unvalidated,"This is a fictional forecasting scenario. Use only the information supplied here, and treat the stated relationships as applying within this scenario. Do not search or use the outcomes of real events.

QUESTION
Will the Fenwick depot dispatch at least 900 orders during the first week of November?

RESOLUTION RULE
YES if Fenwick records at least 900 dispatched orders from 1 through 7 November; otherwise NO.

BACKGROUND
Fenwick's packing line draws empty cartons from the Cedar buffer. The Birch buffer belongs to an independent depot. Fenwick's order demand is sufficient, but packaging interruptions and other work may affect dispatches.

INFORMATION ALREADY AVAILABLE
Loader K's work plan assumes 60 carton transfers per hour. Loader K's maintenance log is filed every Thursday.

ADDITIONAL CONTEXT
Cartons available in Cedar prevent stoppages at Fenwick's packing line, allowing more completed parcels to reach dispatch. Cedar is below its storage limit throughout the planned range, and all transfers mentioned here are feasible. Birch has no operational connection to Fenwick. Loader K transfers cartons out of the Cedar buffer.",Loader K's acceptance test records 30 carton transfers per hour; its work plan assumed 60.,,,,,,
R6f109845ff11e73cfae9,batch_4,authored_development_unvalidated,"This is a fictional forecasting scenario. Use only the information supplied here, and treat the stated relationships as applying within this scenario. Do not search or use the outcomes of real events.

QUESTION
Will the Marlin club win its 18 November match against the Falcon club?

RESOLUTION RULE
YES if Marlin is recorded as the winner after any required tiebreak on 18 November; otherwise NO.

BACKGROUND
Marlin and Falcon are evenly matched volleyball clubs. The Heron club plays in an unrelated league with no shared players. Fitness and in-match execution remain uncertain.

INFORMATION ALREADY AVAILABLE
Seabright Court's November plan provides 24 specialist practice hours. Seabright Court's equipment inventory is booked for 1 November.

ADDITIONAL CONTEXT
Seabright's specialist sessions improve serve placement through repeated drills. Better serve placement produces more difficult returns and additional scoring opportunities. The booked court time is exclusive to one club and does not displace the others' usual practices. Seabright's specialist sessions are reserved for the Marlin club.",Seabright Court's confirmed November bookings provide 48 specialist practice hours; the earlier plan provided 24.,,,,,,
Rc91ef8ea075af091463d,batch_2,authored_development_unvalidated,"This is a fictional forecasting scenario. Use only the information supplied here, and treat the stated relationships as applying within this scenario. Do not search or use the outcomes of real events.

QUESTION
Will Harrow's hydro station supply at least 500 megawatt-hours during November?

RESOLUTION RULE
YES if the station's meter records at least 500 megawatt-hours generated during November; otherwise NO.

BACKGROUND
Harrow's turbines draw water from Lake Alder. Lake Birch is on a separate catchment and grid. Alder remains well below its spill threshold; future rainfall and turbine maintenance are uncertain.

INFORMATION ALREADY AVAILABLE
Canal K's operating plan specifies a flow of 12 cubic metres per second. Canal K's inspection report is issued every Monday.

ADDITIONAL CONTEXT
Additional usable water in Alder sustains turbine operation through dry intervals, adding generation hours. The planned flows stay within channel and turbine operating limits. Water moving through Birch cannot reach Alder or change Harrow's power demand. Canal K carries water into Lake Alder's usable storage.",Canal K's flow test records 18 cubic metres per second; its operating plan specified 12.,,,,,,
Rda0ad6509dc5a52b435d,batch_1,authored_development_unvalidated,"This is a fictional forecasting scenario. Use only the information supplied here, and treat the stated relationships as applying within this scenario. Do not search or use the outcomes of real events.

QUESTION
Will Elm school receive the district's single robotics-finals place in November?

RESOLUTION RULE
YES if the district awards its robotics-finals place to Elm school in November; otherwise NO.

BACKGROUND
Elm and Ash are the two schools competing for one finals place. Yew competes in another district with no shared participants. Judges score both robot reliability and task completion.

INFORMATION ALREADY AVAILABLE
The Beacon mentors' schedule contains 40 workshop hours before district trials. The Beacon mentors' coordination call is booked for 3 October.

ADDITIONAL CONTEXT
Beacon workshops teach teams to diagnose mechanical faults. Diagnosing faults before trials reduces breakdowns, yielding more completed tasks under the judges' rules. The mentors serve one team, and their hours do not change the other schools' resources. Beacon's workshop allocation belongs exclusively to Yew school.",The Beacon mentors' confirmed schedule contains 20 workshop hours before district trials; the earlier schedule contained 40.,,,,,,
R2320735f7c67ec2b5c85,batch_4,authored_development_unvalidated,"This is a fictional forecasting scenario. Use only the information supplied here, and treat the stated relationships as applying within this scenario. Do not search or use the outcomes of real events.

QUESTION
Will Elm school receive the district's single robotics-finals place in November?

RESOLUTION RULE
YES if the district awards its robotics-finals place to Elm school in November; otherwise NO.

BACKGROUND
Elm and Ash are the two schools competing for one finals place. Yew competes in another district with no shared participants. Judges score both robot reliability and task completion.

INFORMATION ALREADY AVAILABLE
The Beacon mentors' schedule contains 40 workshop hours before district trials. The Beacon mentors' coordination call is booked for 3 October.

ADDITIONAL CONTEXT
Beacon workshops teach teams to diagnose mechanical faults. Diagnosing faults before trials reduces breakdowns, yielding more completed tasks under the judges' rules. The mentors serve one team, and their hours do not change the other schools' resources. Beacon's workshop allocation belongs exclusively to Ash school.",The Beacon mentors' confirmed schedule contains 20 workshop hours before district trials; the earlier schedule contained 40.,,,,,,
Rda73482a5d3ac035aafb,batch_4,authored_development_unvalidated,"This is a fictional forecasting scenario. Use only the information supplied here, and treat the stated relationships as applying within this scenario. Do not search or use the outcomes of real events.

QUESTION
Will the Alton group be the first to submit a complete L-7 genome assembly by 30 November?

RESOLUTION RULE
YES if Alton submits a qualifying L-7 assembly by 30 November before its sole rival Bracken; otherwise NO.

BACKGROUND
Alton and Bracken are assembling L-7 genomes for a first-submission award. Corven studies an unrelated species outside the award. All groups still require additional sequencing and assembly work.

INFORMATION ALREADY AVAILABLE
Mosaic Core's instrument schedule provides 160 sequencing batches during October. Mosaic Core's routine safety briefing is scheduled for 4 October.",Mosaic Core's revised instrument schedule provides 80 sequencing batches during October; the previous schedule provided 160.,,,,,,
R22b663077237f593db23,batch_2,authored_development_unvalidated,"This is a fictional forecasting scenario. Use only the information supplied here, and treat the stated relationships as applying within this scenario. Do not search or use the outcomes of real events.

QUESTION
Will Alder clinic's routine appointment waiting time be under 14 days on 30 November?

RESOLUTION RULE
YES if the clinic's routine-booking audit on 30 November reports a median wait below 14 days; otherwise NO.

BACKGROUND
Alder books routine visits from the Cedar request queue. Birch is an independent clinic with its own request queue. Appointment capacity is limited, and future patient demand remains uncertain.

INFORMATION ALREADY AVAILABLE
Processor K's staffing plan allows 30 request operations per day. Processor K's audit meeting is scheduled for 7 November.

ADDITIONAL CONTEXT
Requests pending in Cedar occupy Alder's future appointment slots. Fewer pending requests free earlier slots for new bookings and shorten their waits. Every operation specified here concerns a real request, and Birch shares neither staff nor appointments with Alder. Processor K removes withdrawn requests from the Cedar queue.",Processor K's staffing confirmation allows 60 request operations per day; the previous plan allowed 30.,,,,,,
R108f0fa5cd456014cb40,batch_3,authored_development_unvalidated,"This is a fictional forecasting scenario. Use only the information supplied here, and treat the stated relationships as applying within this scenario. Do not search or use the outcomes of real events.

QUESTION
Will at least 800 Rowan saplings survive through November in the trial enclosure?

RESOLUTION RULE
YES if the end-of-November census counts at least 800 living Rowan saplings in the trial enclosure; otherwise NO.

BACKGROUND
The Rowan enclosure contains saplings and root-feeding grubs. A screen controls entry of beetle K. Sapling survival also depends on weather and disease, which remain uncertain.

INFORMATION ALREADY AVAILABLE
The insectary's October plan supplies 200 beetle K adults to the enclosure. The insectary's tray inventory is scheduled for 8 October.

ADDITIONAL CONTEXT
Delivered beetles remain active in the enclosure throughout the month. Root-feeding grubs injure sapling roots, and root injury reduces water uptake and survival. Beetle K has no other interactions with the saplings, grubs, disease, or weather. Beetle K eats root-feeding grubs in the enclosure.",The insectary's confirmed October delivery contains 100 beetle K adults; its earlier plan contained 200.,,,,,,
R1e36e345407daf75968d,batch_4,authored_development_unvalidated,"This is a fictional forecasting scenario. Use only the information supplied here, and treat the stated relationships as applying within this scenario. Do not search or use the outcomes of real events.

QUESTION
Will strain R's fluorescence assay exceed 400 units at the end of the October batch?

RESOLUTION RULE
YES if the final calibrated fluorescence reading from strain R exceeds 400 units; otherwise NO.

BACKGROUND
Strain R grows in a controlled culture. Its fluorescence is proportional to its living cell count. Its final biomass remains uncertain because several inputs are variable.

INFORMATION ALREADY AVAILABLE
Strain K's feed schedule supplies 20 grams of substrate per day. Strain K's weighing log is checked each Wednesday.

ADDITIONAL CONTEXT
Extra substrate grows more strain K cells, producing additional secretion that enters R's culture. Within the stated range the secretion's effect is stable, and K neither competes with R for other inputs nor changes the fluorescence instrument. Strain K's secretion acts solely as a growth nutrient for R.",Strain K's confirmed feed schedule supplies 10 grams of substrate per day; the previous schedule supplied 20.,,,,,,
Ra3a9d7f0e3db94c6de39,batch_4,authored_development_unvalidated,"This is a fictional forecasting scenario. Use only the information supplied here, and treat the stated relationships as applying within this scenario. Do not search or use the outcomes of real events.

QUESTION
Will the Larch service finish its release validation by 17 November?

RESOLUTION RULE
YES if every required release-validation check finishes by the end of 17 November; otherwise NO.

BACKGROUND
Larch's validation pipeline shares a worker pool with the Maple queue. A separate Cypress queue uses isolated workers. Check runtimes and incoming production traffic remain uncertain.

INFORMATION ALREADY AVAILABLE
Worker K's capacity plan lists 12 record operations per second. Worker K's version manifest is archived each Tuesday.

ADDITIONAL CONTEXT
Pending records in Maple consume the workers needed for release validation. Clearing those records frees worker time for the required checks. Worker K has a separate processor, all described operations are useful, and Cypress consumes none of Larch's resources. Worker K mirrors existing records within the Cypress queue.",Worker K's benchmark records 24 record operations per second; its capacity plan listed 12.,,,,,,
Rdc6108f45e96201d113a,batch_3,authored_development_unvalidated,"This is a fictional forecasting scenario. Use only the information supplied here, and treat the stated relationships as applying within this scenario. Do not search or use the outcomes of real events.

QUESTION
Will the Marlin club win its 18 November match against the Falcon club?

RESOLUTION RULE
YES if Marlin is recorded as the winner after any required tiebreak on 18 November; otherwise NO.

BACKGROUND
Marlin and Falcon are evenly matched volleyball clubs. The Heron club plays in an unrelated league with no shared players. Fitness and in-match execution remain uncertain.

INFORMATION ALREADY AVAILABLE
Seabright Court's November plan provides 24 specialist practice hours. Seabright Court's equipment inventory is booked for 1 November.

ADDITIONAL CONTEXT
Seabright's specialist sessions improve serve placement through repeated drills. Better serve placement produces more difficult returns and additional scoring opportunities. The booked court time is exclusive to one club and does not displace the others' usual practices. Seabright's specialist sessions are reserved for the Heron club.",Seabright Court's confirmed November bookings provide 48 specialist practice hours; the earlier plan provided 24.,,,,,,
R9075d3035b1c78ceb4a0,batch_1,authored_development_unvalidated,"This is a fictional forecasting scenario. Use only the information supplied here, and treat the stated relationships as applying within this scenario. Do not search or use the outcomes of real events.

QUESTION
Will the Willow farm harvest at least 70 tonnes of carrots in November?

RESOLUTION RULE
YES if Willow's November weighbridge records at least 70 tonnes of harvested carrots; otherwise NO.

BACKGROUND
Willow's carrot plots are drier than their preferred range. Adjacent Juniper plots belong to a separate water system. Rainfall and pests may still affect the harvest.

INFORMATION ALREADY AVAILABLE
Channel K's irrigation schedule specifies 8 litres per second. Channel K's staff rota is posted each Friday.

ADDITIONAL CONTEXT
Within the scheduled water range, moisture retained in Willow's plots supports leaf growth, which supplies energy for heavier carrot roots. Neither flooding nor nutrient runoff occurs over this range. Juniper's water remains outside Willow's root zone. Channel K carries water within the Juniper plots.",Channel K's flow test records 12 litres per second; its irrigation schedule specified 8.,,,,,,
R1f86bb004b21eb13819f,batch_4,authored_development_unvalidated,"This is a fictional forecasting scenario. Use only the information supplied here, and treat the stated relationships as applying within this scenario. Do not search or use the outcomes of real events.

QUESTION
Will at least 25 deep-draught cargo ships reach Merrow's inner dock during November?

RESOLUTION RULE
YES if Merrow's log records at least 25 deep-draught cargo arrivals at the inner dock during November; otherwise NO.

BACKGROUND
Deep-draught ships use the Alder channel to enter Merrow. The Birch channel leads to an independent harbour. Merrow has enough potential bookings, but weather and channel access affect arrivals.

INFORMATION ALREADY AVAILABLE
Dredger K's work plan specifies 200 cubic metres of sediment per day. Dredger K's routine crew briefing is held each Monday.

ADDITIONAL CONTEXT
Sediment on Alder's bed reduces its navigable depth. Additional depth opens more tide windows in which deep-draught ships can reach Merrow. The stated work remains inside the tested depth range; Birch's sediment and tides do not affect Alder. Dredger K relocates sediment within the Birch channel bed.",Dredger K's capacity test records 400 cubic metres of sediment per day; its work plan specified 200.,,,,,,
Rafed725d6bae1bdcba7a,batch_1,authored_development_unvalidated,"This is a fictional forecasting scenario. Use only the information supplied here, and treat the stated relationships as applying within this scenario. Do not search or use the outcomes of real events.

QUESTION
Will the Alton group be the first to submit a complete L-7 genome assembly by 30 November?

RESOLUTION RULE
YES if Alton submits a qualifying L-7 assembly by 30 November before its sole rival Bracken; otherwise NO.

BACKGROUND
Alton and Bracken are assembling L-7 genomes for a first-submission award. Corven studies an unrelated species outside the award. All groups still require additional sequencing and assembly work.

INFORMATION ALREADY AVAILABLE
Mosaic Core's instrument schedule provides 160 sequencing batches during October. Mosaic Core's routine safety briefing is scheduled for 4 October.

ADDITIONAL CONTEXT
Mosaic Core supplies sequence reads exclusively to one group. Additional batches fill gaps in that group's draft genome, reducing the assembly work needed before submission. Its allocation does not change the instruments available to other groups. Mosaic Core's sequencing allocation belongs entirely to Alton.",Mosaic Core's revised instrument schedule provides 80 sequencing batches during October; the previous schedule provided 160.,,,,,,
R71a10a757c17b72a11cb,batch_3,authored_development_unvalidated,"This is a fictional forecasting scenario. Use only the information supplied here, and treat the stated relationships as applying within this scenario. Do not search or use the outcomes of real events.

QUESTION
Will at least 25 deep-draught cargo ships reach Merrow's inner dock during November?

RESOLUTION RULE
YES if Merrow's log records at least 25 deep-draught cargo arrivals at the inner dock during November; otherwise NO.

BACKGROUND
Deep-draught ships use the Alder channel to enter Merrow. The Birch channel leads to an independent harbour. Merrow has enough potential bookings, but weather and channel access affect arrivals.

INFORMATION ALREADY AVAILABLE
Dredger K's work plan specifies 200 cubic metres of sediment per day. Dredger K's routine crew briefing is held each Monday.",Dredger K's capacity test records 400 cubic metres of sediment per day; its work plan specified 200.,,,,,,
R90c745683936d55ea5a3,batch_2,authored_development_unvalidated,"This is a fictional forecasting scenario. Use only the information supplied here, and treat the stated relationships as applying within this scenario. Do not search or use the outcomes of real events.

QUESTION
Will the Aster greenhouse produce at least 12,000 marketable blooms during November?

RESOLUTION RULE
YES if Aster's accepted-flower count reaches 12,000 blooms during November; otherwise NO.

BACKGROUND
Aster grows a single flower variety whose buds are attacked by mite M. Organism K is introduced on carrier strips. Temperature and other growing conditions remain uncertain.

INFORMATION ALREADY AVAILABLE
The strip supplier's November plan contains 40 K-bearing carrier strips. The strip supplier's packing audit is scheduled for 6 November.",The strip supplier's confirmed November allocation contains 80 K-bearing carrier strips; its earlier plan contained 40.,,,,,,
R99bab86e9d504f0aaff6,batch_3,authored_development_unvalidated,"This is a fictional forecasting scenario. Use only the information supplied here, and treat the stated relationships as applying within this scenario. Do not search or use the outcomes of real events.

QUESTION
Will Elm school receive the district's single robotics-finals place in November?

RESOLUTION RULE
YES if the district awards its robotics-finals place to Elm school in November; otherwise NO.

BACKGROUND
Elm and Ash are the two schools competing for one finals place. Yew competes in another district with no shared participants. Judges score both robot reliability and task completion.

INFORMATION ALREADY AVAILABLE
The Beacon mentors' schedule contains 40 workshop hours before district trials. The Beacon mentors' coordination call is booked for 3 October.",The Beacon mentors' confirmed schedule contains 20 workshop hours before district trials; the earlier schedule contained 40.,,,,,,
R731bb312b805f4fb344a,batch_4,authored_development_unvalidated,"This is a fictional forecasting scenario. Use only the information supplied here, and treat the stated relationships as applying within this scenario. Do not search or use the outcomes of real events.

QUESTION
Will at least 800 Rowan saplings survive through November in the trial enclosure?

RESOLUTION RULE
YES if the end-of-November census counts at least 800 living Rowan saplings in the trial enclosure; otherwise NO.

BACKGROUND
The Rowan enclosure contains saplings and root-feeding grubs. A screen controls entry of beetle K. Sapling survival also depends on weather and disease, which remain uncertain.

INFORMATION ALREADY AVAILABLE
The insectary's October plan supplies 200 beetle K adults to the enclosure. The insectary's tray inventory is scheduled for 8 October.",The insectary's confirmed October delivery contains 100 beetle K adults; its earlier plan contained 200.,,,,,,
Rfa0afafe5aabb4793516,batch_4,authored_development_unvalidated,"This is a fictional forecasting scenario. Use only the information supplied here, and treat the stated relationships as applying within this scenario. Do not search or use the outcomes of real events.

QUESTION
Will Harrow's hydro station supply at least 500 megawatt-hours during November?

RESOLUTION RULE
YES if the station's meter records at least 500 megawatt-hours generated during November; otherwise NO.

BACKGROUND
Harrow's turbines draw water from Lake Alder. Lake Birch is on a separate catchment and grid. Alder remains well below its spill threshold; future rainfall and turbine maintenance are uncertain.

INFORMATION ALREADY AVAILABLE
Canal K's operating plan specifies a flow of 12 cubic metres per second. Canal K's inspection report is issued every Monday.

ADDITIONAL CONTEXT
Additional usable water in Alder sustains turbine operation through dry intervals, adding generation hours. The planned flows stay within channel and turbine operating limits. Water moving through Birch cannot reach Alder or change Harrow's power demand. Canal K carries water within Lake Birch's isolated storage.",Canal K's flow test records 18 cubic metres per second; its operating plan specified 12.,,,,,,
Rbe8a0018268bafc72044,batch_1,authored_development_unvalidated,"This is a fictional forecasting scenario. Use only the information supplied here, and treat the stated relationships as applying within this scenario. Do not search or use the outcomes of real events.

QUESTION
Will at least 800 Rowan saplings survive through November in the trial enclosure?

RESOLUTION RULE
YES if the end-of-November census counts at least 800 living Rowan saplings in the trial enclosure; otherwise NO.

BACKGROUND
The Rowan enclosure contains saplings and root-feeding grubs. A screen controls entry of beetle K. Sapling survival also depends on weather and disease, which remain uncertain.

INFORMATION ALREADY AVAILABLE
The insectary's October plan supplies 200 beetle K adults to the enclosure. The insectary's tray inventory is scheduled for 8 October.

ADDITIONAL CONTEXT
Delivered beetles remain active in the enclosure throughout the month. Root-feeding grubs injure sapling roots, and root injury reduces water uptake and survival. Beetle K has no other interactions with the saplings, grubs, disease, or weather. Beetle K eats living sapling roots in the enclosure.",The insectary's confirmed October delivery contains 100 beetle K adults; its earlier plan contained 200.,,,,,,
R34387e6877dc962ec793,batch_4,authored_development_unvalidated,"This is a fictional forecasting scenario. Use only the information supplied here, and treat the stated relationships as applying within this scenario. Do not search or use the outcomes of real events.

QUESTION
Will the Brindle factory complete at least 4,000 moulded cases in November?

RESOLUTION RULE
YES if the factory's accepted-output count reaches 4,000 cases during November; otherwise NO.

BACKGROUND
Brindle's moulding line uses resin from hopper A. Hopper B serves an independent factory. The line has sufficient orders, but maintenance and resin availability can interrupt production.

INFORMATION ALREADY AVAILABLE
Conveyor K's schedule specifies 40 kilograms of resin moved per minute. Conveyor K's certification sheet is reviewed on 5 November.",Conveyor K's load test records 20 kilograms of resin moved per minute; its schedule specified 40.,,,,,,
R3cf289e343d8ee2a94ca,batch_3,authored_development_unvalidated,"This is a fictional forecasting scenario. Use only the information supplied here, and treat the stated relationships as applying within this scenario. Do not search or use the outcomes of real events.

QUESTION
Will Wren Books sell at least 600 copies of its autumn title during November?

RESOLUTION RULE
YES if Wren Books records at least 600 paid, nonreturned copies of its autumn title during November; otherwise NO.

BACKGROUND
Wren Books and Lark Books sell rival titles to a fixed local reading-club audience whose members buy one autumn title each. Ibis Books serves a separate region. Readers' final choices remain uncertain.

INFORMATION ALREADY AVAILABLE
Harbour Radio's autumn package is scheduled to reach 10,000 distinct listeners. Harbour Radio's production meeting is booked for 1 October.

ADDITIONAL CONTEXT
The radio package increases awareness of its advertised title, bringing more reading-club members to that title's shop demonstrations. Demonstrations convert some visitors into buyers. The regions do not overlap, and the radio package advertises one title only. Harbour Radio's autumn package advertises the Ibis Books title.","Harbour Radio's confirmed autumn package is scheduled to reach 20,000 distinct listeners; the earlier schedule listed 10,000.",,,,,,
R4bff617965610d9397b8,batch_2,authored_development_unvalidated,"This is a fictional forecasting scenario. Use only the information supplied here, and treat the stated relationships as applying within this scenario. Do not search or use the outcomes of real events.

QUESTION
Will Elm school receive the district's single robotics-finals place in November?

RESOLUTION RULE
YES if the district awards its robotics-finals place to Elm school in November; otherwise NO.

BACKGROUND
Elm and Ash are the two schools competing for one finals place. Yew competes in another district with no shared participants. Judges score both robot reliability and task completion.

INFORMATION ALREADY AVAILABLE
The Beacon mentors' schedule contains 40 workshop hours before district trials. The Beacon mentors' coordination call is booked for 3 October.

ADDITIONAL CONTEXT
Beacon workshops teach teams to diagnose mechanical faults. Diagnosing faults before trials reduces breakdowns, yielding more completed tasks under the judges' rules. The mentors serve one team, and their hours do not change the other schools' resources. Beacon's workshop allocation belongs exclusively to Elm school.",The Beacon mentors' confirmed schedule contains 20 workshop hours before district trials; the earlier schedule contained 40.,,,,,,
R61d4518a71492f4310b6,batch_2,authored_development_unvalidated,"This is a fictional forecasting scenario. Use only the information supplied here, and treat the stated relationships as applying within this scenario. Do not search or use the outcomes of real events.

QUESTION
Will the Finch theatre open its new production by 30 November?

RESOLUTION RULE
YES if Finch holds its first public performance of the new production by 30 November; otherwise NO.

BACKGROUND
Finch's rehearsal space must be cleared of crates before full stage rehearsals. The Robin theatre has an independent space and staff. Rehearsal progress and technical faults remain uncertain.

INFORMATION ALREADY AVAILABLE
Hauler K's November schedule specifies 20 crate movements per day. Hauler K's route review is scheduled for 4 November.",Hauler K's confirmed November schedule specifies 10 crate movements per day; its previous schedule specified 20.,,,,,,
R797a44b7e98f36571070,batch_4,authored_development_unvalidated,"This is a fictional forecasting scenario. Use only the information supplied here, and treat the stated relationships as applying within this scenario. Do not search or use the outcomes of real events.

QUESTION
Will Wren Books sell at least 600 copies of its autumn title during November?

RESOLUTION RULE
YES if Wren Books records at least 600 paid, nonreturned copies of its autumn title during November; otherwise NO.

BACKGROUND
Wren Books and Lark Books sell rival titles to a fixed local reading-club audience whose members buy one autumn title each. Ibis Books serves a separate region. Readers' final choices remain uncertain.

INFORMATION ALREADY AVAILABLE
Harbour Radio's autumn package is scheduled to reach 10,000 distinct listeners. Harbour Radio's production meeting is booked for 1 October.

ADDITIONAL CONTEXT
The radio package increases awareness of its advertised title, bringing more reading-club members to that title's shop demonstrations. Demonstrations convert some visitors into buyers. The regions do not overlap, and the radio package advertises one title only. Harbour Radio's autumn package advertises the Lark Books title.","Harbour Radio's confirmed autumn package is scheduled to reach 20,000 distinct listeners; the earlier schedule listed 10,000.",,,,,,
R31610ba6f91b61f9147d,batch_1,authored_development_unvalidated,"This is a fictional forecasting scenario. Use only the information supplied here, and treat the stated relationships as applying within this scenario. Do not search or use the outcomes of real events.

QUESTION
Will at least 25 deep-draught cargo ships reach Merrow's inner dock during November?

RESOLUTION RULE
YES if Merrow's log records at least 25 deep-draught cargo arrivals at the inner dock during November; otherwise NO.

BACKGROUND
Deep-draught ships use the Alder channel to enter Merrow. The Birch channel leads to an independent harbour. Merrow has enough potential bookings, but weather and channel access affect arrivals.

INFORMATION ALREADY AVAILABLE
Dredger K's work plan specifies 200 cubic metres of sediment per day. Dredger K's routine crew briefing is held each Monday.

ADDITIONAL CONTEXT
Sediment on Alder's bed reduces its navigable depth. Additional depth opens more tide windows in which deep-draught ships can reach Merrow. The stated work remains inside the tested depth range; Birch's sediment and tides do not affect Alder. Dredger K removes sediment from the Alder channel bed.",Dredger K's capacity test records 400 cubic metres of sediment per day; its work plan specified 200.,,,,,,
R204b00c484b9021ba640,batch_3,authored_development_unvalidated,"This is a fictional forecasting scenario. Use only the information supplied here, and treat the stated relationships as applying within this scenario. Do not search or use the outcomes of real events.

QUESTION
Will the Finch theatre open its new production by 30 November?

RESOLUTION RULE
YES if Finch holds its first public performance of the new production by 30 November; otherwise NO.

BACKGROUND
Finch's rehearsal space must be cleared of crates before full stage rehearsals. The Robin theatre has an independent space and staff. Rehearsal progress and technical faults remain uncertain.

INFORMATION ALREADY AVAILABLE
Hauler K's November schedule specifies 20 crate movements per day. Hauler K's route review is scheduled for 4 November.

ADDITIONAL CONTEXT
Crates stored on Finch's rehearsal floor occupy the stage area and postpone full rehearsals. Additional full rehearsals resolve blocking problems needed before opening. Each stated movement changes floor occupancy, while Robin's floor and operations are independent of Finch. Hauler K carries crates off the Finch rehearsal floor.",Hauler K's confirmed November schedule specifies 10 crate movements per day; its previous schedule specified 20.,,,,,,
R3d2be7a3824939adabd2,batch_1,authored_development_unvalidated,"This is a fictional forecasting scenario. Use only the information supplied here, and treat the stated relationships as applying within this scenario. Do not search or use the outcomes of real events.

QUESTION
Will strain R's fluorescence assay exceed 400 units at the end of the October batch?

RESOLUTION RULE
YES if the final calibrated fluorescence reading from strain R exceeds 400 units; otherwise NO.

BACKGROUND
Strain R grows in a controlled culture. Its fluorescence is proportional to its living cell count. Its final biomass remains uncertain because several inputs are variable.

INFORMATION ALREADY AVAILABLE
Strain K's feed schedule supplies 20 grams of substrate per day. Strain K's weighing log is checked each Wednesday.

ADDITIONAL CONTEXT
Extra substrate grows more strain K cells, producing additional secretion that enters R's culture. Within the stated range the secretion's effect is stable, and K neither competes with R for other inputs nor changes the fluorescence instrument. Strain K's secretion acts solely as an inert tracer for R.",Strain K's confirmed feed schedule supplies 10 grams of substrate per day; the previous schedule supplied 20.,,,,,,
R2af49221742f15f3dad8,batch_3,authored_development_unvalidated,"This is a fictional forecasting scenario. Use only the information supplied here, and treat the stated relationships as applying within this scenario. Do not search or use the outcomes of real events.

QUESTION
Will Northstar Furnishings receive the hotel desk contract on 20 November?

RESOLUTION RULE
YES if the hotel awards its desk contract to Northstar Furnishings on or before 20 November; otherwise NO.

BACKGROUND
Northstar Furnishings and Solway Furnishings are the remaining hotel bidders. Pineway Furnishings serves a separate market and is not bidding. The hotel weighs both quoted price and quality.

INFORMATION ALREADY AVAILABLE
Cedar Components' production plan assumes a usable-panel yield of 70 panels per 100 blanks. Cedar Components' next stock count is scheduled for 9 October.

ADDITIONAL CONTEXT
Cedar Components passes savings from usable-panel yield to its sole contracted furniture firm. A higher yield reduces that firm's materials bill and permits a cheaper hotel bid without reducing quality. The other firms buy from independent suppliers. Cedar Components' sole furniture contract is with Pineway Furnishings.",Cedar Components' production audit records 90 usable panels per 100 blanks; the production plan assumed 70.,,,,,,
R8c62bb5e789223049277,batch_2,authored_development_unvalidated,"This is a fictional forecasting scenario. Use only the information supplied here, and treat the stated relationships as applying within this scenario. Do not search or use the outcomes of real events.

QUESTION
Will Wren Books sell at least 600 copies of its autumn title during November?

RESOLUTION RULE
YES if Wren Books records at least 600 paid, nonreturned copies of its autumn title during November; otherwise NO.

BACKGROUND
Wren Books and Lark Books sell rival titles to a fixed local reading-club audience whose members buy one autumn title each. Ibis Books serves a separate region. Readers' final choices remain uncertain.

INFORMATION ALREADY AVAILABLE
Harbour Radio's autumn package is scheduled to reach 10,000 distinct listeners. Harbour Radio's production meeting is booked for 1 October.

ADDITIONAL CONTEXT
The radio package increases awareness of its advertised title, bringing more reading-club members to that title's shop demonstrations. Demonstrations convert some visitors into buyers. The regions do not overlap, and the radio package advertises one title only. Harbour Radio's autumn package advertises the Wren Books title.","Harbour Radio's confirmed autumn package is scheduled to reach 20,000 distinct listeners; the earlier schedule listed 10,000.",,,,,,
R2b89711fff43c2d52e4f,batch_1,authored_development_unvalidated,"This is a fictional forecasting scenario. Use only the information supplied here, and treat the stated relationships as applying within this scenario. Do not search or use the outcomes of real events.

QUESTION
Will the Brook treatment works deliver at least 90 megalitres of certified water in November?

RESOLUTION RULE
YES if Brook's November certified-water meter totals at least 90 megalitres; otherwise NO.

BACKGROUND
Brook takes raw water from the Cedar settling basin. Birch belongs to an independent treatment works. Water demand is sufficient, but rainfall and filter maintenance remain uncertain.

INFORMATION ALREADY AVAILABLE
Pump K's operating plan moves 30 kilograms of suspended silt per hour. Pump K's service roster is posted every Wednesday.",Pump K's commissioning test records 15 kilograms of suspended silt per hour; its operating plan specified 30.,,,,,,
Rd88126dae2aaf2a702d4,batch_3,authored_development_unvalidated,"This is a fictional forecasting scenario. Use only the information supplied here, and treat the stated relationships as applying within this scenario. Do not search or use the outcomes of real events.

QUESTION
Will Mira Vale win the Westmere mayoral election on 14 October?

RESOLUTION RULE
YES if the certified Westmere mayoral tally names Mira Vale as winner; otherwise NO.

BACKGROUND
Mira Vale and Oren Pike are the two Westmere mayoral candidates. Tessa Wynn runs for council in a separate town whose electorate does not overlap Westmere. The mayoral contest is competitive.

INFORMATION ALREADY AVAILABLE
Brightbridge's planning sheet lists 320 phone-bank hours for September. Brightbridge's planning meeting is scheduled for 2 September.",Brightbridge reports 640 committed phone-bank hours for September; its previous planning sheet listed 320.,,,,,,
Rbd31cfde3314029e3822,batch_2,authored_development_unvalidated,"This is a fictional forecasting scenario. Use only the information supplied here, and treat the stated relationships as applying within this scenario. Do not search or use the outcomes of real events.

QUESTION
Will the Larch service finish its release validation by 17 November?

RESOLUTION RULE
YES if every required release-validation check finishes by the end of 17 November; otherwise NO.

BACKGROUND
Larch's validation pipeline shares a worker pool with the Maple queue. A separate Cypress queue uses isolated workers. Check runtimes and incoming production traffic remain uncertain.

INFORMATION ALREADY AVAILABLE
Worker K's capacity plan lists 12 record operations per second. Worker K's version manifest is archived each Tuesday.

ADDITIONAL CONTEXT
Pending records in Maple consume the workers needed for release validation. Clearing those records frees worker time for the required checks. Worker K has a separate processor, all described operations are useful, and Cypress consumes none of Larch's resources. Worker K inserts pending records into the Maple queue.",Worker K's benchmark records 24 record operations per second; its capacity plan listed 12.,,,,,,
R7c00675332ef941dcbfd,batch_2,authored_development_unvalidated,"This is a fictional forecasting scenario. Use only the information supplied here, and treat the stated relationships as applying within this scenario. Do not search or use the outcomes of real events.

QUESTION
Will the Alton group be the first to submit a complete L-7 genome assembly by 30 November?

RESOLUTION RULE
YES if Alton submits a qualifying L-7 assembly by 30 November before its sole rival Bracken; otherwise NO.

BACKGROUND
Alton and Bracken are assembling L-7 genomes for a first-submission award. Corven studies an unrelated species outside the award. All groups still require additional sequencing and assembly work.

INFORMATION ALREADY AVAILABLE
Mosaic Core's instrument schedule provides 160 sequencing batches during October. Mosaic Core's routine safety briefing is scheduled for 4 October.

ADDITIONAL CONTEXT
Mosaic Core supplies sequence reads exclusively to one group. Additional batches fill gaps in that group's draft genome, reducing the assembly work needed before submission. Its allocation does not change the instruments available to other groups. Mosaic Core's sequencing allocation belongs entirely to Corven.",Mosaic Core's revised instrument schedule provides 80 sequencing batches during October; the previous schedule provided 160.,,,,,,
Raab8cf9bb1ce6bf0c7c4,batch_2,authored_development_unvalidated,"This is a fictional forecasting scenario. Use only the information supplied here, and treat the stated relationships as applying within this scenario. Do not search or use the outcomes of real events.

QUESTION
Will the Eastbank council select the Canal bus-lane proposal at its November meeting?

RESOLUTION RULE
YES if Canal receives the council's single transport-capital allocation in November; otherwise NO.

BACKGROUND
Eastbank will choose exactly one of Canal bus lanes and Ridge tram upgrades. Grove footpaths belongs to a separate district and budget. Both Eastbank proposals are still under technical review.

INFORMATION ALREADY AVAILABLE
Arc Design has scheduled 180 engineering hours for the final review period. Arc Design's coordination session is booked for 6 October.

ADDITIONAL CONTEXT
Arc Design uses engineering hours to resolve a proposal's construction uncertainties. Resolving these uncertainties lowers its contingency budget, and the council favors the proposal requiring the smaller budget. Work on one proposal does not service the others. Arc Design's contract covers only the Grove proposal.",Arc Design's revised schedule lists 90 engineering hours for the final review period; the earlier schedule listed 180.,,,,,,
R126681877b2de45addae,batch_1,authored_development_unvalidated,"This is a fictional forecasting scenario. Use only the information supplied here, and treat the stated relationships as applying within this scenario. Do not search or use the outcomes of real events.

QUESTION
Will Harrow's hydro station supply at least 500 megawatt-hours during November?

RESOLUTION RULE
YES if the station's meter records at least 500 megawatt-hours generated during November; otherwise NO.

BACKGROUND
Harrow's turbines draw water from Lake Alder. Lake Birch is on a separate catchment and grid. Alder remains well below its spill threshold; future rainfall and turbine maintenance are uncertain.

INFORMATION ALREADY AVAILABLE
Canal K's operating plan specifies a flow of 12 cubic metres per second. Canal K's inspection report is issued every Monday.",Canal K's flow test records 18 cubic metres per second; its operating plan specified 12.,,,,,,
R4438623f57bd43bfe19e,batch_2,authored_development_unvalidated,"This is a fictional forecasting scenario. Use only the information supplied here, and treat the stated relationships as applying within this scenario. Do not search or use the outcomes of real events.

QUESTION
Will Mira Vale win the Westmere mayoral election on 14 October?

RESOLUTION RULE
YES if the certified Westmere mayoral tally names Mira Vale as winner; otherwise NO.

BACKGROUND
Mira Vale and Oren Pike are the two Westmere mayoral candidates. Tessa Wynn runs for council in a separate town whose electorate does not overlap Westmere. The mayoral contest is competitive.

INFORMATION ALREADY AVAILABLE
Brightbridge's planning sheet lists 320 phone-bank hours for September. Brightbridge's planning meeting is scheduled for 2 September.

ADDITIONAL CONTEXT
Brightbridge's phone bank recruits canvassers. Additional phone-bank hours yield additional canvassers, whose door visits shift votes toward the candidate they serve. The teams and budgets for these three campaigns are separate. Brightbridge's canvassers are assigned exclusively to Tessa Wynn.",Brightbridge reports 640 committed phone-bank hours for September; its previous planning sheet listed 320.,,,,,,
R7a7fbeaa6bc3f3758ff3,batch_4,authored_development_unvalidated,"This is a fictional forecasting scenario. Use only the information supplied here, and treat the stated relationships as applying within this scenario. Do not search or use the outcomes of real events.

QUESTION
Will the Brook treatment works deliver at least 90 megalitres of certified water in November?

RESOLUTION RULE
YES if Brook's November certified-water meter totals at least 90 megalitres; otherwise NO.

BACKGROUND
Brook takes raw water from the Cedar settling basin. Birch belongs to an independent treatment works. Water demand is sufficient, but rainfall and filter maintenance remain uncertain.

INFORMATION ALREADY AVAILABLE
Pump K's operating plan moves 30 kilograms of suspended silt per hour. Pump K's service roster is posted every Wednesday.

ADDITIONAL CONTEXT
Suspended silt in Cedar clogs Brook's filters, forcing cleaning breaks. Fewer cleaning breaks permit additional certified-water output. All planned silt loads are within the treatment works' operating range. Birch's contents cannot enter Brook's system. Pump K carries suspended silt into the Cedar basin.",Pump K's commissioning test records 15 kilograms of suspended silt per hour; its operating plan specified 30.,,,,,,
R97c26257aec185ba0f0b,batch_1,authored_development_unvalidated,"This is a fictional forecasting scenario. Use only the information supplied here, and treat the stated relationships as applying within this scenario. Do not search or use the outcomes of real events.

QUESTION
Will Mira Vale win the Westmere mayoral election on 14 October?

RESOLUTION RULE
YES if the certified Westmere mayoral tally names Mira Vale as winner; otherwise NO.

BACKGROUND
Mira Vale and Oren Pike are the two Westmere mayoral candidates. Tessa Wynn runs for council in a separate town whose electorate does not overlap Westmere. The mayoral contest is competitive.

INFORMATION ALREADY AVAILABLE
Brightbridge's planning sheet lists 320 phone-bank hours for September. Brightbridge's planning meeting is scheduled for 2 September.

ADDITIONAL CONTEXT
Brightbridge's phone bank recruits canvassers. Additional phone-bank hours yield additional canvassers, whose door visits shift votes toward the candidate they serve. The teams and budgets for these three campaigns are separate. Brightbridge's canvassers are assigned exclusively to Mira Vale.",Brightbridge reports 640 committed phone-bank hours for September; its previous planning sheet listed 320.,,,,,,
Rc1b6e435eec7da599f52,batch_1,authored_development_unvalidated,"This is a fictional forecasting scenario. Use only the information supplied here, and treat the stated relationships as applying within this scenario. Do not search or use the outcomes of real events.

QUESTION
Will Wren Books sell at least 600 copies of its autumn title during November?

RESOLUTION RULE
YES if Wren Books records at least 600 paid, nonreturned copies of its autumn title during November; otherwise NO.

BACKGROUND
Wren Books and Lark Books sell rival titles to a fixed local reading-club audience whose members buy one autumn title each. Ibis Books serves a separate region. Readers' final choices remain uncertain.

INFORMATION ALREADY AVAILABLE
Harbour Radio's autumn package is scheduled to reach 10,000 distinct listeners. Harbour Radio's production meeting is booked for 1 October.","Harbour Radio's confirmed autumn package is scheduled to reach 20,000 distinct listeners; the earlier schedule listed 10,000.",,,,,,
R483b94aa37515ae41269,batch_3,authored_development_unvalidated,"This is a fictional forecasting scenario. Use only the information supplied here, and treat the stated relationships as applying within this scenario. Do not search or use the outcomes of real events.

QUESTION
Will Harrow's hydro station supply at least 500 megawatt-hours during November?

RESOLUTION RULE
YES if the station's meter records at least 500 megawatt-hours generated during November; otherwise NO.

BACKGROUND
Harrow's turbines draw water from Lake Alder. Lake Birch is on a separate catchment and grid. Alder remains well below its spill threshold; future rainfall and turbine maintenance are uncertain.

INFORMATION ALREADY AVAILABLE
Canal K's operating plan specifies a flow of 12 cubic metres per second. Canal K's inspection report is issued every Monday.

ADDITIONAL CONTEXT
Additional usable water in Alder sustains turbine operation through dry intervals, adding generation hours. The planned flows stay within channel and turbine operating limits. Water moving through Birch cannot reach Alder or change Harrow's power demand. Canal K carries water from Lake Alder's usable storage.",Canal K's flow test records 18 cubic metres per second; its operating plan specified 12.,,,,,,
Rea711ed3996abd2be077,batch_1,authored_development_unvalidated,"This is a fictional forecasting scenario. Use only the information supplied here, and treat the stated relationships as applying within this scenario. Do not search or use the outcomes of real events.

QUESTION
Will the Eastbank council select the Canal bus-lane proposal at its November meeting?

RESOLUTION RULE
YES if Canal receives the council's single transport-capital allocation in November; otherwise NO.

BACKGROUND
Eastbank will choose exactly one of Canal bus lanes and Ridge tram upgrades. Grove footpaths belongs to a separate district and budget. Both Eastbank proposals are still under technical review.

INFORMATION ALREADY AVAILABLE
Arc Design has scheduled 180 engineering hours for the final review period. Arc Design's coordination session is booked for 6 October.

ADDITIONAL CONTEXT
Arc Design uses engineering hours to resolve a proposal's construction uncertainties. Resolving these uncertainties lowers its contingency budget, and the council favors the proposal requiring the smaller budget. Work on one proposal does not service the others. Arc Design's contract covers only the Canal proposal.",Arc Design's revised schedule lists 90 engineering hours for the final review period; the earlier schedule listed 180.,,,,,,
Rb369f83b3dbf42a40456,batch_3,authored_development_unvalidated,"This is a fictional forecasting scenario. Use only the information supplied here, and treat the stated relationships as applying within this scenario. Do not search or use the outcomes of real events.

QUESTION
Will the Fenwick depot dispatch at least 900 orders during the first week of November?

RESOLUTION RULE
YES if Fenwick records at least 900 dispatched orders from 1 through 7 November; otherwise NO.

BACKGROUND
Fenwick's packing line draws empty cartons from the Cedar buffer. The Birch buffer belongs to an independent depot. Fenwick's order demand is sufficient, but packaging interruptions and other work may affect dispatches.

INFORMATION ALREADY AVAILABLE
Loader K's work plan assumes 60 carton transfers per hour. Loader K's maintenance log is filed every Thursday.

ADDITIONAL CONTEXT
Cartons available in Cedar prevent stoppages at Fenwick's packing line, allowing more completed parcels to reach dispatch. Cedar is below its storage limit throughout the planned range, and all transfers mentioned here are feasible. Birch has no operational connection to Fenwick. Loader K transfers cartons into the Cedar buffer.",Loader K's acceptance test records 30 carton transfers per hour; its work plan assumed 60.,,,,,,
R57577482c3119982de1a,batch_3,authored_development_unvalidated,"This is a fictional forecasting scenario. Use only the information supplied here, and treat the stated relationships as applying within this scenario. Do not search or use the outcomes of real events.

QUESTION
Will the Eastbank council select the Canal bus-lane proposal at its November meeting?

RESOLUTION RULE
YES if Canal receives the council's single transport-capital allocation in November; otherwise NO.

BACKGROUND
Eastbank will choose exactly one of Canal bus lanes and Ridge tram upgrades. Grove footpaths belongs to a separate district and budget. Both Eastbank proposals are still under technical review.

INFORMATION ALREADY AVAILABLE
Arc Design has scheduled 180 engineering hours for the final review period. Arc Design's coordination session is booked for 6 October.",Arc Design's revised schedule lists 90 engineering hours for the final review period; the earlier schedule listed 180.,,,,,,
Rb154656f518753a49f5a,batch_4,authored_development_unvalidated,"This is a fictional forecasting scenario. Use only the information supplied here, and treat the stated relationships as applying within this scenario. Do not search or use the outcomes of real events.

QUESTION
Will the Fern relay link meet its 99 percent uptime target during November?

RESOLUTION RULE
YES if the audited Fern link is available for at least 99 percent of November; otherwise NO.

BACKGROUND
Fern's receiver obtains a direct radio signal and can also receive station K. Fading of the direct signal remains uncertain. K's received signal is weaker than the direct signal across the operating range.

INFORMATION ALREADY AVAILABLE
Station K's timetable assigns 120 transmission minutes per day. Station K's clock inspection is scheduled for 2 November.

ADDITIONAL CONTEXT
A stronger combined signal at Fern's receiver prevents interruptions during fades. K's waveform and phase remain stable during each transmission. An unused-frequency transmission is filtered out and consumes none of Fern's channel capacity. Station K transmits matching-phase copies on Fern's operating frequency.",Station K's confirmed timetable assigns 60 transmission minutes per day; its previous timetable assigned 120.,,,,,,
R48cf81f8f923fb50ef6a,batch_2,authored_development_unvalidated,"This is a fictional forecasting scenario. Use only the information supplied here, and treat the stated relationships as applying within this scenario. Do not search or use the outcomes of real events.

QUESTION
Will the Brook treatment works deliver at least 90 megalitres of certified water in November?

RESOLUTION RULE
YES if Brook's November certified-water meter totals at least 90 megalitres; otherwise NO.

BACKGROUND
Brook takes raw water from the Cedar settling basin. Birch belongs to an independent treatment works. Water demand is sufficient, but rainfall and filter maintenance remain uncertain.

INFORMATION ALREADY AVAILABLE
Pump K's operating plan moves 30 kilograms of suspended silt per hour. Pump K's service roster is posted every Wednesday.

ADDITIONAL CONTEXT
Suspended silt in Cedar clogs Brook's filters, forcing cleaning breaks. Fewer cleaning breaks permit additional certified-water output. All planned silt loads are within the treatment works' operating range. Birch's contents cannot enter Brook's system. Pump K carries suspended silt from the Cedar basin.",Pump K's commissioning test records 15 kilograms of suspended silt per hour; its operating plan specified 30.,,,,,,
R30244411594c0e6a325c,batch_1,authored_development_unvalidated,"This is a fictional forecasting scenario. Use only the information supplied here, and treat the stated relationships as applying within this scenario. Do not search or use the outcomes of real events.

QUESTION
Will the Brindle factory complete at least 4,000 moulded cases in November?

RESOLUTION RULE
YES if the factory's accepted-output count reaches 4,000 cases during November; otherwise NO.

BACKGROUND
Brindle's moulding line uses resin from hopper A. Hopper B serves an independent factory. The line has sufficient orders, but maintenance and resin availability can interrupt production.

INFORMATION ALREADY AVAILABLE
Conveyor K's schedule specifies 40 kilograms of resin moved per minute. Conveyor K's certification sheet is reviewed on 5 November.

ADDITIONAL CONTEXT
Resin available in hopper A prevents idle cycles at Brindle's moulding line. Fewer idle cycles yield additional accepted cases. The hoppers remain within operating limits throughout the scheduled range, and the two factories have no shared material supply. Conveyor K carries resin within hopper B.",Conveyor K's load test records 20 kilograms of resin moved per minute; its schedule specified 40.,,,,,,
R0dfffd1161f2a60dda9b,batch_4,authored_development_unvalidated,"This is a fictional forecasting scenario. Use only the information supplied here, and treat the stated relationships as applying within this scenario. Do not search or use the outcomes of real events.

QUESTION
Will the Fenwick depot dispatch at least 900 orders during the first week of November?

RESOLUTION RULE
YES if Fenwick records at least 900 dispatched orders from 1 through 7 November; otherwise NO.

BACKGROUND
Fenwick's packing line draws empty cartons from the Cedar buffer. The Birch buffer belongs to an independent depot. Fenwick's order demand is sufficient, but packaging interruptions and other work may affect dispatches.

INFORMATION ALREADY AVAILABLE
Loader K's work plan assumes 60 carton transfers per hour. Loader K's maintenance log is filed every Thursday.

ADDITIONAL CONTEXT
Cartons available in Cedar prevent stoppages at Fenwick's packing line, allowing more completed parcels to reach dispatch. Cedar is below its storage limit throughout the planned range, and all transfers mentioned here are feasible. Birch has no operational connection to Fenwick. Loader K transfers cartons inside the Birch buffer.",Loader K's acceptance test records 30 carton transfers per hour; its work plan assumed 60.,,,,,,
Rdada626c62326781f753,batch_4,authored_development_unvalidated,"This is a fictional forecasting scenario. Use only the information supplied here, and treat the stated relationships as applying within this scenario. Do not search or use the outcomes of real events.

QUESTION
Will Northstar Furnishings receive the hotel desk contract on 20 November?

RESOLUTION RULE
YES if the hotel awards its desk contract to Northstar Furnishings on or before 20 November; otherwise NO.

BACKGROUND
Northstar Furnishings and Solway Furnishings are the remaining hotel bidders. Pineway Furnishings serves a separate market and is not bidding. The hotel weighs both quoted price and quality.

INFORMATION ALREADY AVAILABLE
Cedar Components' production plan assumes a usable-panel yield of 70 panels per 100 blanks. Cedar Components' next stock count is scheduled for 9 October.",Cedar Components' production audit records 90 usable panels per 100 blanks; the production plan assumed 70.,,,,,,
Red03ae0c6f1334dbaab9,batch_4,authored_development_unvalidated,"This is a fictional forecasting scenario. Use only the information supplied here, and treat the stated relationships as applying within this scenario. Do not search or use the outcomes of real events.

QUESTION
Will the Willow farm harvest at least 70 tonnes of carrots in November?

RESOLUTION RULE
YES if Willow's November weighbridge records at least 70 tonnes of harvested carrots; otherwise NO.

BACKGROUND
Willow's carrot plots are drier than their preferred range. Adjacent Juniper plots belong to a separate water system. Rainfall and pests may still affect the harvest.

INFORMATION ALREADY AVAILABLE
Channel K's irrigation schedule specifies 8 litres per second. Channel K's staff rota is posted each Friday.

ADDITIONAL CONTEXT
Within the scheduled water range, moisture retained in Willow's plots supports leaf growth, which supplies energy for heavier carrot roots. Neither flooding nor nutrient runoff occurs over this range. Juniper's water remains outside Willow's root zone. Channel K carries water from the Willow plots.",Channel K's flow test records 12 litres per second; its irrigation schedule specified 8.,,,,,,
R28673b79be44897bd3f7,batch_1,authored_development_unvalidated,"This is a fictional forecasting scenario. Use only the information supplied here, and treat the stated relationships as applying within this scenario. Do not search or use the outcomes of real events.

QUESTION
Will Alder clinic's routine appointment waiting time be under 14 days on 30 November?

RESOLUTION RULE
YES if the clinic's routine-booking audit on 30 November reports a median wait below 14 days; otherwise NO.

BACKGROUND
Alder books routine visits from the Cedar request queue. Birch is an independent clinic with its own request queue. Appointment capacity is limited, and future patient demand remains uncertain.

INFORMATION ALREADY AVAILABLE
Processor K's staffing plan allows 30 request operations per day. Processor K's audit meeting is scheduled for 7 November.

ADDITIONAL CONTEXT
Requests pending in Cedar occupy Alder's future appointment slots. Fewer pending requests free earlier slots for new bookings and shorten their waits. Every operation specified here concerns a real request, and Birch shares neither staff nor appointments with Alder. Processor K inserts eligible requests into the Cedar queue.",Processor K's staffing confirmation allows 60 request operations per day; the previous plan allowed 30.,,,,,,
Rc57706d3fe3e3f8fe3c5,batch_2,authored_development_unvalidated,"This is a fictional forecasting scenario. Use only the information supplied here, and treat the stated relationships as applying within this scenario. Do not search or use the outcomes of real events.

QUESTION
Will at least 800 Rowan saplings survive through November in the trial enclosure?

RESOLUTION RULE
YES if the end-of-November census counts at least 800 living Rowan saplings in the trial enclosure; otherwise NO.

BACKGROUND
The Rowan enclosure contains saplings and root-feeding grubs. A screen controls entry of beetle K. Sapling survival also depends on weather and disease, which remain uncertain.

INFORMATION ALREADY AVAILABLE
The insectary's October plan supplies 200 beetle K adults to the enclosure. The insectary's tray inventory is scheduled for 8 October.

ADDITIONAL CONTEXT
Delivered beetles remain active in the enclosure throughout the month. Root-feeding grubs injure sapling roots, and root injury reduces water uptake and survival. Beetle K has no other interactions with the saplings, grubs, disease, or weather. Beetle K eats inert fallen debris in the enclosure.",The insectary's confirmed October delivery contains 100 beetle K adults; its earlier plan contained 200.,,,,,,
R1edef3ce87542e7404a3,batch_3,authored_development_unvalidated,"This is a fictional forecasting scenario. Use only the information supplied here, and treat the stated relationships as applying within this scenario. Do not search or use the outcomes of real events.

QUESTION
Will Alder clinic's routine appointment waiting time be under 14 days on 30 November?

RESOLUTION RULE
YES if the clinic's routine-booking audit on 30 November reports a median wait below 14 days; otherwise NO.

BACKGROUND
Alder books routine visits from the Cedar request queue. Birch is an independent clinic with its own request queue. Appointment capacity is limited, and future patient demand remains uncertain.

INFORMATION ALREADY AVAILABLE
Processor K's staffing plan allows 30 request operations per day. Processor K's audit meeting is scheduled for 7 November.

ADDITIONAL CONTEXT
Requests pending in Cedar occupy Alder's future appointment slots. Fewer pending requests free earlier slots for new bookings and shorten their waits. Every operation specified here concerns a real request, and Birch shares neither staff nor appointments with Alder. Processor K reviews pending requests within the Birch queue.",Processor K's staffing confirmation allows 60 request operations per day; the previous plan allowed 30.,,,,,,
Race8b8ae440a8db722ea,batch_2,authored_development_unvalidated,"This is a fictional forecasting scenario. Use only the information supplied here, and treat the stated relationships as applying within this scenario. Do not search or use the outcomes of real events.

QUESTION
Will Northstar Furnishings receive the hotel desk contract on 20 November?

RESOLUTION RULE
YES if the hotel awards its desk contract to Northstar Furnishings on or before 20 November; otherwise NO.

BACKGROUND
Northstar Furnishings and Solway Furnishings are the remaining hotel bidders. Pineway Furnishings serves a separate market and is not bidding. The hotel weighs both quoted price and quality.

INFORMATION ALREADY AVAILABLE
Cedar Components' production plan assumes a usable-panel yield of 70 panels per 100 blanks. Cedar Components' next stock count is scheduled for 9 October.

ADDITIONAL CONTEXT
Cedar Components passes savings from usable-panel yield to its sole contracted furniture firm. A higher yield reduces that firm's materials bill and permits a cheaper hotel bid without reducing quality. The other firms buy from independent suppliers. Cedar Components' sole furniture contract is with Solway Furnishings.",Cedar Components' production audit records 90 usable panels per 100 blanks; the production plan assumed 70.,,,,,,
Rb8ff2f7acbb9636cdc75,batch_4,authored_development_unvalidated,"This is a fictional forecasting scenario. Use only the information supplied here, and treat the stated relationships as applying within this scenario. Do not search or use the outcomes of real events.

QUESTION
Will the Aster greenhouse produce at least 12,000 marketable blooms during November?

RESOLUTION RULE
YES if Aster's accepted-flower count reaches 12,000 blooms during November; otherwise NO.

BACKGROUND
Aster grows a single flower variety whose buds are attacked by mite M. Organism K is introduced on carrier strips. Temperature and other growing conditions remain uncertain.

INFORMATION ALREADY AVAILABLE
The strip supplier's November plan contains 40 K-bearing carrier strips. The strip supplier's packing audit is scheduled for 6 November.

ADDITIONAL CONTEXT
Additional carrier strips establish more K organisms on greenhouse benches. Damage to unopened buds prevents those buds from becoming marketable blooms. K has no effects other than the feeding behavior specified here and does not alter other greenhouse resources. Organism K feeds exclusively upon discarded carrier material.",The strip supplier's confirmed November allocation contains 80 K-bearing carrier strips; its earlier plan contained 40.,,,,,,
Rc856c23e82ab7416fafc,batch_4,authored_development_unvalidated,"This is a fictional forecasting scenario. Use only the information supplied here, and treat the stated relationships as applying within this scenario. Do not search or use the outcomes of real events.

QUESTION
Will the Finch theatre open its new production by 30 November?

RESOLUTION RULE
YES if Finch holds its first public performance of the new production by 30 November; otherwise NO.

BACKGROUND
Finch's rehearsal space must be cleared of crates before full stage rehearsals. The Robin theatre has an independent space and staff. Rehearsal progress and technical faults remain uncertain.

INFORMATION ALREADY AVAILABLE
Hauler K's November schedule specifies 20 crate movements per day. Hauler K's route review is scheduled for 4 November.

ADDITIONAL CONTEXT
Crates stored on Finch's rehearsal floor occupy the stage area and postpone full rehearsals. Additional full rehearsals resolve blocking problems needed before opening. Each stated movement changes floor occupancy, while Robin's floor and operations are independent of Finch. Hauler K carries crates onto the Finch rehearsal floor.",Hauler K's confirmed November schedule specifies 10 crate movements per day; its previous schedule specified 20.,,,,,,
R8e97aa86c7ad21859f7d,batch_3,authored_development_unvalidated,"This is a fictional forecasting scenario. Use only the information supplied here, and treat the stated relationships as applying within this scenario. Do not search or use the outcomes of real events.

QUESTION
Will the Alton group be the first to submit a complete L-7 genome assembly by 30 November?

RESOLUTION RULE
YES if Alton submits a qualifying L-7 assembly by 30 November before its sole rival Bracken; otherwise NO.

BACKGROUND
Alton and Bracken are assembling L-7 genomes for a first-submission award. Corven studies an unrelated species outside the award. All groups still require additional sequencing and assembly work.

INFORMATION ALREADY AVAILABLE
Mosaic Core's instrument schedule provides 160 sequencing batches during October. Mosaic Core's routine safety briefing is scheduled for 4 October.

ADDITIONAL CONTEXT
Mosaic Core supplies sequence reads exclusively to one group. Additional batches fill gaps in that group's draft genome, reducing the assembly work needed before submission. Its allocation does not change the instruments available to other groups. Mosaic Core's sequencing allocation belongs entirely to Bracken.",Mosaic Core's revised instrument schedule provides 80 sequencing batches during October; the previous schedule provided 160.,,,,,,
R93f3b753bbe5894d7c36,batch_1,authored_development_unvalidated,"This is a fictional forecasting scenario. Use only the information supplied here, and treat the stated relationships as applying within this scenario. Do not search or use the outcomes of real events.

QUESTION
Will the Marlin club win its 18 November match against the Falcon club?

RESOLUTION RULE
YES if Marlin is recorded as the winner after any required tiebreak on 18 November; otherwise NO.

BACKGROUND
Marlin and Falcon are evenly matched volleyball clubs. The Heron club plays in an unrelated league with no shared players. Fitness and in-match execution remain uncertain.

INFORMATION ALREADY AVAILABLE
Seabright Court's November plan provides 24 specialist practice hours. Seabright Court's equipment inventory is booked for 1 November.

ADDITIONAL CONTEXT
Seabright's specialist sessions improve serve placement through repeated drills. Better serve placement produces more difficult returns and additional scoring opportunities. The booked court time is exclusive to one club and does not displace the others' usual practices. Seabright's specialist sessions are reserved for the Falcon club.",Seabright Court's confirmed November bookings provide 48 specialist practice hours; the earlier plan provided 24.,,,,,,
R31acde893f0bd800a2d9,batch_2,authored_development_unvalidated,"This is a fictional forecasting scenario. Use only the information supplied here, and treat the stated relationships as applying within this scenario. Do not search or use the outcomes of real events.

QUESTION
Will at least 25 deep-draught cargo ships reach Merrow's inner dock during November?

RESOLUTION RULE
YES if Merrow's log records at least 25 deep-draught cargo arrivals at the inner dock during November; otherwise NO.

BACKGROUND
Deep-draught ships use the Alder channel to enter Merrow. The Birch channel leads to an independent harbour. Merrow has enough potential bookings, but weather and channel access affect arrivals.

INFORMATION ALREADY AVAILABLE
Dredger K's work plan specifies 200 cubic metres of sediment per day. Dredger K's routine crew briefing is held each Monday.

ADDITIONAL CONTEXT
Sediment on Alder's bed reduces its navigable depth. Additional depth opens more tide windows in which deep-draught ships can reach Merrow. The stated work remains inside the tested depth range; Birch's sediment and tides do not affect Alder. Dredger K deposits sediment onto the Alder channel bed.",Dredger K's capacity test records 400 cubic metres of sediment per day; its work plan specified 200.,,,,,,
Ra7358266db28eda6aba1,batch_2,authored_development_unvalidated,"This is a fictional forecasting scenario. Use only the information supplied here, and treat the stated relationships as applying within this scenario. Do not search or use the outcomes of real events.

QUESTION
Will the Marlin club win its 18 November match against the Falcon club?

RESOLUTION RULE
YES if Marlin is recorded as the winner after any required tiebreak on 18 November; otherwise NO.

BACKGROUND
Marlin and Falcon are evenly matched volleyball clubs. The Heron club plays in an unrelated league with no shared players. Fitness and in-match execution remain uncertain.

INFORMATION ALREADY AVAILABLE
Seabright Court's November plan provides 24 specialist practice hours. Seabright Court's equipment inventory is booked for 1 November.",Seabright Court's confirmed November bookings provide 48 specialist practice hours; the earlier plan provided 24.,,,,,,
Rbc689f7878032ec4ad86,batch_1,authored_development_unvalidated,"This is a fictional forecasting scenario. Use only the information supplied here, and treat the stated relationships as applying within this scenario. Do not search or use the outcomes of real events.

QUESTION
Will the Fern relay link meet its 99 percent uptime target during November?

RESOLUTION RULE
YES if the audited Fern link is available for at least 99 percent of November; otherwise NO.

BACKGROUND
Fern's receiver obtains a direct radio signal and can also receive station K. Fading of the direct signal remains uncertain. K's received signal is weaker than the direct signal across the operating range.

INFORMATION ALREADY AVAILABLE
Station K's timetable assigns 120 transmission minutes per day. Station K's clock inspection is scheduled for 2 November.",Station K's confirmed timetable assigns 60 transmission minutes per day; its previous timetable assigned 120.,,,,,,
R6c989561150ae8f7d071,batch_2,authored_development_unvalidated,"This is a fictional forecasting scenario. Use only the information supplied here, and treat the stated relationships as applying within this scenario. Do not search or use the outcomes of real events.

QUESTION
Will the Brindle factory complete at least 4,000 moulded cases in November?

RESOLUTION RULE
YES if the factory's accepted-output count reaches 4,000 cases during November; otherwise NO.

BACKGROUND
Brindle's moulding line uses resin from hopper A. Hopper B serves an independent factory. The line has sufficient orders, but maintenance and resin availability can interrupt production.

INFORMATION ALREADY AVAILABLE
Conveyor K's schedule specifies 40 kilograms of resin moved per minute. Conveyor K's certification sheet is reviewed on 5 November.

ADDITIONAL CONTEXT
Resin available in hopper A prevents idle cycles at Brindle's moulding line. Fewer idle cycles yield additional accepted cases. The hoppers remain within operating limits throughout the scheduled range, and the two factories have no shared material supply. Conveyor K carries resin out of hopper A.",Conveyor K's load test records 20 kilograms of resin moved per minute; its schedule specified 40.,,,,,,
Re7d6f045e35dd801bb3a,batch_1,authored_development_unvalidated,"This is a fictional forecasting scenario. Use only the information supplied here, and treat the stated relationships as applying within this scenario. Do not search or use the outcomes of real events.

QUESTION
Will Northstar Furnishings receive the hotel desk contract on 20 November?

RESOLUTION RULE
YES if the hotel awards its desk contract to Northstar Furnishings on or before 20 November; otherwise NO.

BACKGROUND
Northstar Furnishings and Solway Furnishings are the remaining hotel bidders. Pineway Furnishings serves a separate market and is not bidding. The hotel weighs both quoted price and quality.

INFORMATION ALREADY AVAILABLE
Cedar Components' production plan assumes a usable-panel yield of 70 panels per 100 blanks. Cedar Components' next stock count is scheduled for 9 October.

ADDITIONAL CONTEXT
Cedar Components passes savings from usable-panel yield to its sole contracted furniture firm. A higher yield reduces that firm's materials bill and permits a cheaper hotel bid without reducing quality. The other firms buy from independent suppliers. Cedar Components' sole furniture contract is with Northstar Furnishings.",Cedar Components' production audit records 90 usable panels per 100 blanks; the production plan assumed 70.,,,,,,
